Gene,Hamap
PN96_RS10145,Homodimer. {ECO:0000256|HAMAP-Rule:MF_00817}.
PN96_RS10980,Homodimer. {ECO:0000256|HAMAP-Rule:MF_00068}.
PN96_RS10705,"Homodimer. Within each dimer, one monomer is responsible forRNA recognition and catalysis, while the other monomer binds to thereplacement base PreQ1. {ECO:0000256|HAMAP-Rule:MF_00168}."
PN96_RS18325,Interacts with the cytoplasmic NapA precursor.{ECO:0000256|HAMAP-Rule:MF_02200}.
PN96_RS06355,Homodimer. {ECO:0000256|HAMAP-Rule:MF_01654}.
PN96_RS12490,"Heterodimer composed of CysD, the smaller subunit, and CysN.{ECO:0000256|HAMAP-Rule:MF_00062}."
PN96_RS01435,Interacts directly with the RNA polymerase.{ECO:0000256|HAMAP-Rule:MF_00926}.
PN96_RS10285,Homotetramer. {ECO:0000256|HAMAP-Rule:MF_01903}.
PN96_RS06270,"Heterotrimer of UreA (gamma), UreB (beta) and UreC (alpha)subunits. Three heterotrimers associate to form the active enzyme.{ECO:0000256|HAMAP-Rule:MF_01954}."
PN96_RS11390,"Part of a complex composed of FtsB, FtsL and FtsQ.{ECO:0000256|HAMAP-Rule:MF_00910}."
PN96_RS12120,Part of the 30S ribosomal subunit. {ECO:0000256|HAMAP-Rule:MF_01345}.
PN96_RS12635,Homohexameric ring arranged as a trimer of dimers.{ECO:0000256|HAMAP-Rule:MF_00564}.
PN96_RS12890,Monomer. {ECO:0000256|HAMAP-Rule:MF_00453}.
PN96_RS12050,Part of the 30S ribosomal subunit. Interacts with proteins S7and S18. Binds to IF-3. {ECO:0000256|HAMAP-Rule:MF_01310}.
PN96_RS13750,Homodimer. {ECO:0000256|HAMAP-Rule:MF_01928}.
PN96_RS04135,"Heterotetramer, composed of two GyrA and two GyrB chains. Inthe heterotetramer, GyrA contains the active site tyrosine that forms atransient covalent intermediate with DNA, while GyrB binds cofactorsand catalyzes ATP hydrolysis. {ECO:0000256|HAMAP-Rule:MF_01897}."
PN96_RS21250,"The glycine cleavage system is composed of four proteins: P,T, L and H. {ECO:0000256|HAMAP-Rule:MF_00711}."
PN96_RS07225,Heterodimer of an alpha and a beta chain. {ECO:0000256|HAMAP-Rule:MF_00380}.
PN96_RS11760,Homodimer. {ECO:0000256|HAMAP-Rule:MF_01033}.
PN96_RS09380,Heterotetramer of two alpha and two beta subunits.{ECO:0000256|HAMAP-Rule:MF_01988}.
PN96_RS12065,"Component of the Sec protein translocase complex. Heterotrimerconsisting of SecY, SecE and SecG subunits. The heterotrimers can formoligomers, although 1 heterotrimer is thought to be able to translocateproteins. Interacts with the ribosome. Interacts with SecDF, and otherproteins may be involved. Interacts with SecA. {ECO:0000256|HAMAP-Rule:MF_01465}."
PN96_RS03020,Homodimer. {ECO:0000256|HAMAP-Rule:MF_00274}.
PN96_RS12100,Part of the 30S ribosomal subunit. Contacts proteins S3 andS10. {ECO:0000256|HAMAP-Rule:MF_00537}.
PN96_RS15850,"Monomer. Associates with 30S ribosomal subunit, binds 16SrRNA. {ECO:0000256|HAMAP-Rule:MF_01820}."
PN96_RS13520,Consists of a catalytic RNA component (M1 or rnpB) and aprotein subunit. {ECO:0000256|HAMAP-Rule:MF_00227}.
PN96_RS02545,Homodimer. {ECO:0000256|HAMAP-Rule:MF_01690}.
PN96_RS16465,Homodimer. {ECO:0000256|HAMAP-Rule:MF_02211}.
PN96_RS06890,"The complex is composed of two ATP-binding proteins (BtuD),two transmembrane proteins (BtuC) and a solute-binding protein (BtuF).{ECO:0000256|HAMAP-Rule:MF_01005}."
PN96_RS09335,Monomer. {ECO:0000256|HAMAP-Rule:MF_00123}.
PN96_RS03485,Homodimer. {ECO:0000256|HAMAP-Rule:MF_02040}.
PN96_RS07840,Homotetramer. {ECO:0000256|HAMAP-Rule:MF_00124}.
PN96_RS08305,Homodimer. {ECO:0000256|HAMAP-Rule:MF_01589}.
PN96_RS00120,"The RNAP catalytic core consists of 2 alpha, 1 beta, 1 beta'and 1 omega subunit. When a sigma factor is associated with the corethe holoenzyme is formed, which can initiate transcription.{ECO:0000256|HAMAP-Rule:MF_01321}."
PN96_RS09470,Monomer. {ECO:0000256|HAMAP-Rule:MF_00126}.
PN96_RS02850,Heterotetramer of two alpha chains (FadJ) and two beta chains(FadI). {ECO:0000256|HAMAP-Rule:MF_01617}.
PN96_RS14590,Homodimer. {ECO:0000256|HAMAP-Rule:MF_00174}.
PN96_RS01055,Monomer. {ECO:0000256|HAMAP-Rule:MF_00367}.
PN96_RS12130,Part of the 50S ribosomal subunit. {ECO:0000256|HAMAP-Rule:MF_01342}.
PN96_RS18275,"Forms a complex with SecD. Part of the essential Sec proteintranslocation apparatus which comprises SecA, SecYEG and auxiliaryproteins SecDF-YajC and YidC. {ECO:0000256|HAMAP-Rule:MF_01464}."
PN96_RS08025,Homodimer. The tRNA molecule binds across the dimer.{ECO:0000256|HAMAP-Rule:MF_00176}.
PN96_RS13960,"Component of the RNA degradosome, which is a multiproteincomplex involved in RNA processing and mRNA degradation.{ECO:0000256|HAMAP-Rule:MF_00661}."
PN96_RS11135,Forms a cyclic heterotetrameric complex composed of twomolecules of XerC and two molecules of XerD. {ECO:0000256|HAMAP-Rule:MF_01807}.
PN96_RS12070,Part of the 50S ribosomal subunit. {ECO:0000256|HAMAP-Rule:MF_01341}.
PN96_RS09680,"The basal body constitutes a major portion of the flagellarorganelle and consists of four rings (L,P,S, and M) mounted on acentral rod. {ECO:0000256|HAMAP-Rule:MF_00416}."
PN96_RS01785,Homohexamer; trimer of homodimers. {ECO:0000256|HAMAP-Rule:MF_01627}.
PN96_RS17465,The basic unit is a heterodimer which dimerizes to formtetramers. The heterotetramers trimerize; 6 large subunits form a corering with 6 small subunits projecting outwards. {ECO:0000256|HAMAP-Rule:MF_00601}.
PN96_RS15595,Homodimer. {ECO:0000256|HAMAP-Rule:MF_00985}.
PN96_RS11570,Monomer. Can also form homodimers and oligomers.{ECO:0000256|HAMAP-Rule:MF_01261}.
PN96_RS09075,Homohexamer. Organized in a ring with a central cavity.{ECO:0000256|HAMAP-Rule:MF_01973}.
PN96_RS10000,Monomer. {ECO:0000256|HAMAP-Rule:MF_01864}.
PN96_RS04500,Interacts (via N-terminus) with the terminase small subunit(via C-terminus); the active complex is probably heterooligomeric.Interacts (via C-terminus) with the portal protein; this interactionallows the packaging of viral DNA. {ECO:0000256|HAMAP-Rule:MF_04144}.
PN96_RS12180,Component of the primosome. {ECO:0000256|HAMAP-Rule:MF_00983}.
PN96_RS11280,"The complex is composed of two ATP-binding proteins (BtuD),two transmembrane proteins (BtuC) and a solute-binding protein (BtuF).{ECO:0000256|HAMAP-Rule:MF_01000}."
PN96_RS11590,Probably interacts with PlsX. {ECO:0000256|HAMAP-Rule:MF_01043}.
PN96_RS14810,Homodimer. {ECO:0000256|HAMAP-Rule:MF_00140}.
PN96_RS11065,Homodimer. {ECO:0000256|HAMAP-Rule:MF_00008}.
PN96_RS07875,Heterodimer of HisH and HisF. {ECO:0000256|HAMAP-Rule:MF_01013}.
PN96_RS14070,Homodimer. {ECO:0000256|HAMAP-Rule:MF_02120}.
PN96_RS02040,"Heterotrimer of RecB, RecC and RecD. All subunits contributeto DNA-binding. Interacts with RecA. {ECO:0000256|HAMAP-Rule:MF_01485}."
PN96_RS08245,"The Tol-Pal system is composed of five core proteins: theinner membrane proteins TolA, TolQ and TolR, the periplasmic proteinTolB and the outer membrane protein Pal. They form a network linkingthe inner and outer membranes and the peptidoglycan layer.{ECO:0000256|HAMAP-Rule:MF_02203}."
PN96_RS09020,Monomer. {ECO:0000256|HAMAP-Rule:MF_01660}.
PN96_RS18490,Homotetramer. {ECO:0000256|HAMAP-Rule:MF_00596}.
PN96_RS14380,Homodimer. {ECO:0000256|HAMAP-Rule:MF_00166}.
PN96_RS11460,Part of the 50S ribosomal subunit. {ECO:0000256|HAMAP-Rule:MF_01366}.
PN96_RS03480,Monomer. {ECO:0000256|HAMAP-Rule:MF_00098}.
PN96_RS02880,Homotetramer. {ECO:0000256|HAMAP-Rule:MF_00300}.
PN96_RS03350,Monomer and homodimer. {ECO:0000256|HAMAP-Rule:MF_01225}.
PN96_RS12620,Homodimer. Interacts with FtsZ. {ECO:0000256|HAMAP-Rule:MF_01839}.
PN96_RS13035,"The Tat system comprises two distinct complexes: a TatABCcomplex, containing multiple copies of TatA, TatB and TatC subunits,and a separate TatA complex, containing only TatA subunits. Substratesinitially bind to the TatABC complex, which probably triggersassociation of the separate TatA complex to form the active translocon.{ECO:0000256|HAMAP-Rule:MF_00236}."
PN96_RS15170,"Alpha(8)-beta(8). The alpha component is a flavoprotein, thebeta component is a hemoprotein. {ECO:0000256|HAMAP-Rule:MF_01540}."
PN96_RS14075,Homodimer. {ECO:0000256|HAMAP-Rule:MF_00197}.
PN96_RS10220,Homodimer. {ECO:0000256|HAMAP-Rule:MF_00315}.
PN96_RS13455,Tetramer of two alpha and two beta subunits.{ECO:0000256|HAMAP-Rule:MF_00254}.
PN96_RS11785,Component of the lipopolysaccharide transport and assemblycomplex. Interacts with LptE and LptA. {ECO:0000256|HAMAP-Rule:MF_01411}.
PN96_RS03320,"The complex is composed of six subunits: RnfA, RnfB, RnfC,RnfD, RnfE and RnfG. {ECO:0000256|HAMAP-Rule:MF_00459}."
PN96_RS01290,"Part of the signal recognition particle protein translocationsystem, which is composed of SRP and FtsY. SRP is a ribonucleoproteincomposed of Ffh and a 4.5S RNA molecule. {ECO:0000256|HAMAP-Rule:MF_00306}."
PN96_RS02170,"Composed of six subunits; NqrA, NqrB, NqrC, NqrD, NqrE andNqrF. {ECO:0000256|HAMAP-Rule:MF_00430}."
PN96_RS14965,Homodimer. {ECO:0000256|HAMAP-Rule:MF_00744}.
PN96_RS03030,Homotetramer. {ECO:0000256|HAMAP-Rule:MF_01146}.
PN96_RS09500,Interacts with both the nontemplate DNA and the RNA polymerase(RNAP). {ECO:0000256|HAMAP-Rule:MF_00951}.
PN96_RS00940,Homodimer. {ECO:0000256|HAMAP-Rule:MF_00513}.
PN96_RS14725,Monomer. {ECO:0000256|HAMAP-Rule:MF_00916}.
PN96_RS01640,Homohexamer. {ECO:0000256|HAMAP-Rule:MF_01458}.
PN96_RS13640,Homodimer. {ECO:0000256|HAMAP-Rule:MF_00012}.
PN96_RS18765,Homododecamer. {ECO:0000256|HAMAP-Rule:MF_00169}.
PN96_RS10635,Homohexamer. {ECO:0000256|HAMAP-Rule:MF_00504}.
PN96_RS14200,Interacts with the RNA polymerase core enzyme.{ECO:0000256|HAMAP-Rule:MF_00961}.
PN96_RS09240,Homodimer. {ECO:0000256|HAMAP-Rule:MF_01576}.
PN96_RS02295,Monomer. {ECO:0000256|HAMAP-Rule:MF_01974}.
PN96_RS12090,Part of the 50S ribosomal subunit. {ECO:0000256|HAMAP-Rule:MF_01365}.
PN96_RS10600,Part of the Bam complex. {ECO:0000256|HAMAP-Rule:MF_00923}.
PN96_RS11025,Monomer. {ECO:0000256|HAMAP-Rule:MF_02002}.
PN96_RS11685,Homodimer. {ECO:0000256|HAMAP-Rule:MF_00068}.
PN96_RS15065,Monomer. {ECO:0000256|HAMAP-Rule:MF_00109}.
PN96_RS07515,Monomer. {ECO:0000256|HAMAP-Rule:MF_01838}.
PN96_RS10695,"Forms a complex with SecF. Part of the essential Sec proteintranslocation apparatus which comprises SecA, SecYEG and auxiliaryproteins SecDF-YajC and YidC. {ECO:0000256|HAMAP-Rule:MF_01463}."
PN96_RS12140,Part of the 50S ribosomal subunit. {ECO:0000256|HAMAP-Rule:MF_01331}.
PN96_RS03545,Homodimer. {ECO:0000256|HAMAP-Rule:MF_01815}.
PN96_RS12795,Monomer. {ECO:0000256|HAMAP-Rule:MF_01260}.
PN96_RS09440,Homodimer. Polymerizes to form helical filaments.{ECO:0000256|HAMAP-Rule:MF_00908}.
PN96_RS00105,Part of the 50S ribosomal subunit. {ECO:0000256|HAMAP-Rule:MF_01318}.
PN96_RS02225,Homodimer. {ECO:0000256|HAMAP-Rule:MF_01569}.
PN96_RS20915,"Forms a complex composed of PxpA, PxpB and PxpC.{ECO:0000256|HAMAP-Rule:MF_00691}."
PN96_RS01675,Monomer. Binds directly to the core enzyme of the DNA-dependent RNA polymerase and to nascent RNA. {ECO:0000256|HAMAP-Rule:MF_00945}.
PN96_RS03310,"The complex is composed of six subunits: RnfA, RnfB, RnfC,RnfD, RnfE and RnfG. {ECO:0000256|HAMAP-Rule:MF_00461}."
PN96_RS17400,Homooctamer. Dimer of tetramers. {ECO:0000256|HAMAP-Rule:MF_00354}.
PN96_RS02425,Monomer. {ECO:0000256|HAMAP-Rule:MF_00042}.
PN96_RS12590,Monomer. {ECO:0000256|HAMAP-Rule:MF_00103}.
PN96_RS05730,Homodimer. {ECO:0000256|HAMAP-Rule:MF_01073}.
PN96_RS21240,Homodimer. {ECO:0000256|HAMAP-Rule:MF_00051}.
PN96_RS12040,"Homodimer. The RNAP catalytic core consists of 2 alpha, 1beta, 1 beta' and 1 omega subunit. When a sigma factor is associatedwith the core the holoenzyme is formed, which can initiatetranscription. {ECO:0000256|HAMAP-Rule:MF_00059}."
PN96_RS09265,Interacts with MinD and FtsZ. {ECO:0000256|HAMAP-Rule:MF_00267}.
PN96_RS17310,Homodimer. {ECO:0000256|HAMAP-Rule:MF_01376}.
PN96_RS00115,"Homodimer. Part of the ribosomal stalk of the 50S ribosomalsubunit. Forms a multimeric L10(L12)X complex, where L10 forms anelongated spine to which 2 to 4 L12 dimers bind in a sequentialfashion. Binds GTP-bound translation factors. {ECO:0000256|HAMAP-Rule:MF_00368}."
PN96_RS02340,Part of the Bam complex. {ECO:0000256|HAMAP-Rule:MF_01430}.
PN96_RS10090,Homodimer. {ECO:0000256|HAMAP-Rule:MF_00051}.
PN96_RS12735,"The RNAP catalytic core consists of 2 alpha, 1 beta, 1 beta'and 1 omega subunit. When a sigma factor is associated with the corethe holoenzyme is formed, which can initiate transcription.{ECO:0000256|HAMAP-Rule:MF_00366}."
PN96_RS12095,Part of the 30S ribosomal subunit. Contacts proteins S5 andS12. {ECO:0000256|HAMAP-Rule:MF_01302}.
PN96_RS15015,Homotetramer. {ECO:0000256|HAMAP-Rule:MF_00005}.
PN96_RS19635,"The complex is composed of six subunits: RnfA, RnfB, RnfC,RnfD, RnfE and RnfG. {ECO:0000256|HAMAP-Rule:MF_00462}."
PN96_RS13595,"F-type ATPases have 2 components, CF(1) - the catalytic core- and CF(0) - the membrane proton channel. CF(1) has five subunits:alpha(3), beta(3), gamma(1), delta(1), epsilon(1). CF(0) has three mainsubunits: a, b and c. {ECO:0000256|HAMAP-Rule:MF_00815}."
PN96_RS10610,Homodimer. {ECO:0000256|HAMAP-Rule:MF_00127}.
PN96_RS12085,Part of the 50S ribosomal subunit; part of the 5SrRNA/L5/L18/L25 subcomplex. Contacts the 5S and 23S rRNAs.{ECO:0000256|HAMAP-Rule:MF_01337}.
PN96_RS00955,Homodimer. {ECO:0000256|HAMAP-Rule:MF_00170}.
PN96_RS13320,Homodimer. {ECO:0000256|HAMAP-Rule:MF_01920}.
PN96_RS09040,Homodimer. {ECO:0000256|HAMAP-Rule:MF_01100}.
PN96_RS19645,"The complex is composed of six subunits: RnfA, RnfB, RnfC,RnfD, RnfE and RnfG. {ECO:0000256|HAMAP-Rule:MF_00478}."
PN96_RS11780,Homodimer. {ECO:0000256|HAMAP-Rule:MF_01153}.
PN96_RS08015,Homodimer. {ECO:0000256|HAMAP-Rule:MF_01694}.
PN96_RS11840,Part of the 50S ribosomal subunit. Contacts protein L20.{ECO:0000256|HAMAP-Rule:MF_01363}.
PN96_RS03955,Tetramer of two alpha and two beta chains. {ECO:0000256|HAMAP-Rule:MF_00133}.
PN96_RS12150,Part of the 50S ribosomal subunit. Forms a bridge to the 30Ssubunit in the 70S ribosome. {ECO:0000256|HAMAP-Rule:MF_01320}.
PN96_RS13860,Homotetramer. Forms heterodimers with either ThiH or ThiS.{ECO:0000256|HAMAP-Rule:MF_00443}.
PN96_RS01410,Homodimer. {ECO:0000256|HAMAP-Rule:MF_00158}.
PN96_RS11115,Homodimer. {ECO:0000256|HAMAP-Rule:MF_00252}.
PN96_RS17430,Heptamer of 7 subunits arranged in a ring. Interacts with thechaperonin GroEL. {ECO:0000256|HAMAP-Rule:MF_00580}.
PN96_RS17680,Homodimer. {ECO:0000256|HAMAP-Rule:MF_02006}.
PN96_RS10035,Component of the lipopolysaccharide transport and assemblycomplex. Interacts with LptD. {ECO:0000256|HAMAP-Rule:MF_01186}.
PN96_RS12160,Part of the 50S ribosomal subunit. {ECO:0000256|HAMAP-Rule:MF_01328}.
PN96_RS02160,"Composed of six subunits; NqrA, NqrB, NqrC, NqrD, NqrE andNqrF. {ECO:0000256|HAMAP-Rule:MF_00428}."
PN96_RS01315,Interacts with GyrB. {ECO:0000256|HAMAP-Rule:MF_00649}.
PN96_RS00915,Homotetramer. {ECO:0000256|HAMAP-Rule:MF_01640}.
PN96_RS06895,"The complex is composed of two ATP-binding proteins (BtuD),two transmembrane proteins (BtuC) and a solute-binding protein (BtuF).{ECO:0000256|HAMAP-Rule:MF_01004}."
PN96_RS02235,Part of the 50S ribosomal subunit. {ECO:0000256|HAMAP-Rule:MF_00502}.
PN96_RS08230,"The Tol-Pal system is composed of five core proteins: theinner membrane proteins TolA, TolQ and TolR, the periplasmic proteinTolB and the outer membrane protein Pal. They form a network linkingthe inner and outer membranes and the peptidoglycan layer.{ECO:0000256|HAMAP-Rule:MF_02204}."
PN96_RS01300,Binds ribosomal protein uS19. {ECO:0000256|HAMAP-Rule:MF_00014}.
PN96_RS06135,Homodimer. {ECO:0000256|HAMAP-Rule:MF_01216}.
PN96_RS00110,Part of the ribosomal stalk of the 50S ribosomal subunit. TheN-terminus interacts with L11 and the large rRNA to form the base ofthe stalk. The C-terminus forms an elongated spine to which L12 dimersbind in a sequential fashion forming a multimeric L10(L12)X complex.{ECO:0000256|HAMAP-Rule:MF_00362}.
PN96_RS13580,"F-type ATPases have 2 components, F(1) - the catalytic core- and F(0) - the membrane proton channel. F(1) has five subunits:alpha(3), beta(3), gamma(1), delta(1), epsilon(1). F(0) has three mainsubunits: a(1), b(2) and c(10-14). The alpha and beta chains form analternating ring which encloses part of the gamma chain. F(1) isattached to F(0) by a central stalk formed by the gamma and epsilonchains, while a peripheral stalk is formed by the delta and b chains.{ECO:0000256|HAMAP-Rule:MF_01398}."
PN96_RS01320,Interacts with FtsZ. {ECO:0000256|HAMAP-Rule:MF_01092}.
PN96_RS08280,Homohexamer. Forms an RuvA(8)-RuvB(12)-Holliday junction (HJ)complex. HJ DNA is sandwiched between 2 RuvA tetramers; dsDNA entersthrough RuvA and exits via RuvB. An RuvB hexamer assembles on each DNAstrand where it exits the tetramer. Each RuvB hexamer is contacted bytwo RuvA subunits (via domain III) on 2 adjacent RuvB subunits; thiscomplex drives branch migration. In the full resolvosome a probableDNA-RuvA(4)-RuvB(12)-RuvC(2) complex forms which resolves the HJ.{ECO:0000256|HAMAP-Rule:MF_00016}.
PN96_RS23385,Homodimer. {ECO:0000256|HAMAP-Rule:MF_00193}.
PN96_RS12805,Homodimer. {ECO:0000256|HAMAP-Rule:MF_01637}.
PN96_RS08000,Homodimer. {ECO:0000256|HAMAP-Rule:MF_00336}.
PN96_RS05425,Homotetramer; dimer of dimers. {ECO:0000256|HAMAP-Rule:MF_01939}.
PN96_RS13535,Homodimer. Heterotetramer of two MnmE and two MnmG subunits.{ECO:0000256|HAMAP-Rule:MF_00379}.
PN96_RS20240,Homodimer or homotetramer. {ECO:0000256|HAMAP-Rule:MF_01961}.
PN96_RS11155,Interacts with the 50S ribosomal subunit. {ECO:0000256|HAMAP-Rule:MF_00967}.
PN96_RS11615,Monomer. Interacts with DnaB. {ECO:0000256|HAMAP-Rule:MF_00974}.
PN96_RS13675,Monomer. {ECO:0000256|HAMAP-Rule:MF_01497}.
PN96_RS12155,"Part of the 50S ribosomal subunit. Contacts protein L29, andtrigger factor when it is bound to the ribosome. {ECO:0000256|HAMAP-Rule:MF_01369}."
PN96_RS01120,Homotrimer. {ECO:0000256|HAMAP-Rule:MF_00107}.
PN96_RS03220,Homodimer. {ECO:0000256|HAMAP-Rule:MF_02121}.
PN96_RS06255,"UreD, UreF and UreG form a complex that acts as a GTP-hydrolysis-dependent molecular chaperone, activating the ureaseapoprotein by helping to assemble the nickel containing metallocenterof UreC. The UreE protein probably delivers the nickel.{ECO:0000256|HAMAP-Rule:MF_01385}."
PN96_RS04830,Homotetramer. {ECO:0000256|HAMAP-Rule:MF_01671}.
PN96_RS03690,Homodimer. {ECO:0000256|HAMAP-Rule:MF_01200}.
PN96_RS12045,Part of the 30S ribosomal subunit. Contacts protein S5. Theinteraction surface between S4 and S5 is involved in control oftranslational fidelity. {ECO:0000256|HAMAP-Rule:MF_01306}.
PN96_RS01065,Homooctamer; tetramer of dimers. {ECO:0000256|HAMAP-Rule:MF_00279}.
PN96_RS13530,Interacts with the Sec translocase complex via SecD.Specifically interacts with transmembrane segments of nascent integralmembrane proteins during membrane integration. {ECO:0000256|HAMAP-Rule:MF_01810}.
PN96_RS15435,Homotrimer. {ECO:0000256|HAMAP-Rule:MF_00843}.
PN96_RS11320,"Monomer and homodimer. Part of the essential Sec proteintranslocation apparatus which comprises SecA, SecYEG and auxiliaryproteins SecDF-YajC and YidC. {ECO:0000256|HAMAP-Rule:MF_01382}."
PN96_RS03315,"The complex is composed of six subunits: RnfA, RnfB, RnfC,RnfD, RnfE and RnfG. {ECO:0000256|HAMAP-Rule:MF_00463}."
PN96_RS09520,Homodimer. {ECO:0000256|HAMAP-Rule:MF_00505}.
PN96_RS11795,Homodimer. {ECO:0000256|HAMAP-Rule:MF_00536}.
PN96_RS14485,Homodimer. {ECO:0000256|HAMAP-Rule:MF_01885}.
PN96_RS00395,Forms polymers. {ECO:0000256|HAMAP-Rule:MF_02207}.
PN96_RS15095,"Component of the preprimosomal complex composed of PriA, PriB,PriC, DnaB and DnaT. Upon transient interaction with DnaG it forms theprimosome. {ECO:0000256|HAMAP-Rule:MF_00720}."
PN96_RS02310,Homohexamer. {ECO:0000256|HAMAP-Rule:MF_01220}.
PN96_RS12970,Interacts with Der. {ECO:0000256|HAMAP-Rule:MF_01058}.
PN96_RS11830,Monomer. {ECO:0000256|HAMAP-Rule:MF_01454}.
PN96_RS14745,Monomer. {ECO:0000256|HAMAP-Rule:MF_00185}.
PN96_RS08380,Homodimer. {ECO:0000256|HAMAP-Rule:MF_01277}.
PN96_RS00920,Monomer. {ECO:0000256|HAMAP-Rule:MF_00145}.
PN96_RS13610,Homotrimer. {ECO:0000256|HAMAP-Rule:MF_01631}.
PN96_RS08290,Homodimer which binds Holliday junction (HJ) DNA. The HJbecomes 2-fold symmetrical on binding to RuvC with unstacked arms; ithas a different conformation from HJ DNA in complex with RuvA. In thefull resolvosome a probable DNA-RuvA(4)-RuvB(12)-RuvC(2) complex formswhich resolves the HJ. {ECO:0000256|HAMAP-Rule:MF_00034}.
PN96_RS10050,Homodimer. {ECO:0000256|HAMAP-Rule:MF_00658}.
PN96_RS08425,Monomer. {ECO:0000256|HAMAP-Rule:MF_00210}.
PN96_RS19970,Homodimer. {ECO:0000256|HAMAP-Rule:MF_01987}.
PN96_RS02145,"Composed of six subunits; NqrA, NqrB, NqrC, NqrD, NqrE andNqrF. {ECO:0000256|HAMAP-Rule:MF_00425}."
PN96_RS08035,Monomer. {ECO:0000256|HAMAP-Rule:MF_00240}.
PN96_RS07260,Tetramer of two alpha and two beta subunits.{ECO:0000256|HAMAP-Rule:MF_00281}.
PN96_RS11765,Heterodimer of LeuC and LeuD. {ECO:0000256|HAMAP-Rule:MF_01026}.
PN96_RS21805,Homodimer. {ECO:0000256|HAMAP-Rule:MF_00020}.
PN96_RS09085,"Fourteen ClpP subunits assemble into 2 heptameric rings whichstack back to back to give a disk-like structure with a central cavity,resembling the structure of eukaryotic proteasomes. {ECO:0000256|HAMAP-Rule:MF_00444}."
PN96_RS01100,Homotetramer. {ECO:0000256|HAMAP-Rule:MF_01227}.
PN96_RS15460,Homohexamer; trimer of homodimers. {ECO:0000256|HAMAP-Rule:MF_01627}.
PN96_RS01235,"Heterotrimer of an alpha, a beta and a gamma subunit.{ECO:0000256|HAMAP-Rule:MF_00404}."
PN96_RS07395,Homotetramer. {ECO:0000256|HAMAP-Rule:MF_01619}.
PN96_RS01700,"Component of the RNA degradosome, which is a multiproteincomplex involved in RNA processing and mRNA degradation.{ECO:0000256|HAMAP-Rule:MF_01595}."
PN96_RS02380,"Acetyl-CoA carboxylase is a heterohexamer composed of biotincarboxyl carrier protein (AccB), biotin carboxylase (AccC) and twosubunits each of ACCase subunit alpha (AccA) and ACCase subunit beta(AccD). {ECO:0000256|HAMAP-Rule:MF_00823}."
PN96_RS12080,Part of the 30S ribosomal subunit. Contacts proteins S4 andS8. {ECO:0000256|HAMAP-Rule:MF_01307}.
PN96_RS03470,Homodimer. {ECO:0000256|HAMAP-Rule:MF_00696}.
PN96_RS02000,Homotrimer. {ECO:0000256|HAMAP-Rule:MF_02122}.
PN96_RS12115,"Part of the 50S ribosomal subunit. Forms a cluster withproteins L3 and L19. In the 70S ribosome, L14 and L19 interact andtogether make contacts with the 16S rRNA in bridges B5 and B8.{ECO:0000256|HAMAP-Rule:MF_01367}."
PN96_RS01775,Homodimer. {ECO:0000256|HAMAP-Rule:MF_01628}.
PN96_RS02350,Homotrimer. {ECO:0000256|HAMAP-Rule:MF_00523}.
PN96_RS18320,Component of the periplasmic nitrate reductase NapAB complexcomposed of NapA and NapB. {ECO:0000256|HAMAP-Rule:MF_01630}.
PN96_RS14520,Heptamer of 7 subunits arranged in a ring. Interacts with thechaperonin GroEL. {ECO:0000256|HAMAP-Rule:MF_00580}.
PN96_RS08355,"Interacts, and probably forms a ternary complex, with MukE andMukB via its C-terminal region. The complex formation is stimulated bycalcium or magnesium. It is required for an interaction between MukEand MukB. {ECO:0000256|HAMAP-Rule:MF_01803}."
PN96_RS13765,Homodimer. {ECO:0000256|HAMAP-Rule:MF_00333}.
PN96_RS11335,Homodimer. Polymerizes to form a dynamic ring structure in astrictly GTP-dependent manner. Interacts directly with several otherdivision proteins. {ECO:0000256|HAMAP-Rule:MF_00909}.
PN96_RS11340,Self-interacts. Interacts with FtsZ. {ECO:0000256|HAMAP-Rule:MF_02033}.
PN96_RS07885,Heterodimer of HisH and HisF. {ECO:0000256|HAMAP-Rule:MF_00278}.
PN96_RS03950,Tetramer of two alpha and two beta chains. {ECO:0000256|HAMAP-Rule:MF_00131}.
PN96_RS11700,Homodimer. {ECO:0000256|HAMAP-Rule:MF_00164}.
PN96_RS07205,Homodimer. {ECO:0000256|HAMAP-Rule:MF_01558}.
PN96_RS11985,"Heterodimer composed of CysD, the smaller subunit, and CysN.{ECO:0000256|HAMAP-Rule:MF_00062}."
PN96_RS01685,"Monomer. Binds 30S ribosomal subunits, but not 50S ribosomalsubunits or 70S ribosomes. {ECO:0000256|HAMAP-Rule:MF_00003}."
PN96_RS06360,Homotetramer. {ECO:0000256|HAMAP-Rule:MF_01653}.
PN96_RS01570,Monomer. {ECO:0000256|HAMAP-Rule:MF_01862}.
PN96_RS12170,Part of the 30S ribosomal subunit. {ECO:0000256|HAMAP-Rule:MF_00508}.
PN96_RS10580,Heterooligomer composed of large and small subunits.{ECO:0000256|HAMAP-Rule:MF_00378}.
PN96_RS12035,Part of the 50S ribosomal subunit. Contacts protein L32.{ECO:0000256|HAMAP-Rule:MF_01368}.
PN96_RS10940,Homodimer. {ECO:0000256|HAMAP-Rule:MF_00475}.
PN96_RS08295,Homodimer. {ECO:0000256|HAMAP-Rule:MF_00044}.
PN96_RS10630,Homotetramer. {ECO:0000256|HAMAP-Rule:MF_00451}.
PN96_RS09025,Homodimer. {ECO:0000256|HAMAP-Rule:MF_01659}.
PN96_RS00100,Part of the ribosomal stalk of the 50S ribosomal subunit.Interacts with L10 and the large rRNA to form the base of the stalk.L10 forms an elongated spine to which L12 dimers bind in a sequentialfashion forming a multimeric L10(L12)X complex. {ECO:0000256|HAMAP-Rule:MF_00736}.
PN96_RS01305,Homodimer. {ECO:0000256|HAMAP-Rule:MF_00605}.
PN96_RS10950,"Monomer. Probably contacts ribosomal proteins L1, L5, L33 andS7, the 16S and 23S rRNA and the P-site containing tRNA(fMet).{ECO:0000256|HAMAP-Rule:MF_00847}."
PN96_RS07255,Tetramer of two alpha and two beta subunits.{ECO:0000256|HAMAP-Rule:MF_00283}.
PN96_RS06530,"This dioxygenase system consists of four proteins: the twosubunits of the hydroxylase component (HcaE and HcaF), a ferredoxin(HcaC) and a ferredoxin reductase (HcaD). {ECO:0000256|HAMAP-Rule:MF_01648}."
PN96_RS13030,"The Tat system comprises two distinct complexes: a TatABCcomplex, containing multiple copies of TatA, TatB and TatC subunits,and a separate TatA complex, containing only TatA subunits. Substratesinitially bind to the TatABC complex, which probably triggersassociation of the separate TatA complex to form the active translocon.{ECO:0000256|HAMAP-Rule:MF_00237}."
PN96_RS20950,Monomer. {ECO:0000256|HAMAP-Rule:MF_01838}.
PN96_RS06265,"Heterotrimer of UreA (gamma), UreB (beta) and UreC (alpha)subunits. Three heterotrimers associate to form the active enzyme.{ECO:0000256|HAMAP-Rule:MF_01953}."
PN96_RS13415,Heterotetramer of two alpha chains (FadB) and two beta chains(FadA). {ECO:0000256|HAMAP-Rule:MF_01621}.
PN96_RS00820,Homodimer. {ECO:0000256|HAMAP-Rule:MF_01405}.
PN96_RS21625,Homodimer or homotetramer. {ECO:0000256|HAMAP-Rule:MF_01961}.
PN96_RS20655,Homodimer. {ECO:0000256|HAMAP-Rule:MF_01815}.
PN96_RS09515,Monomer. {ECO:0000256|HAMAP-Rule:MF_00235}.
PN96_RS06250,"Homodimer. UreD, UreF and UreG form a complex that acts as aGTP-hydrolysis-dependent molecular chaperone, activating the ureaseapoprotein by helping to assemble the nickel containing metallocenterof UreC. The UreE protein probably delivers the nickel.{ECO:0000256|HAMAP-Rule:MF_01389}."
PN96_RS19625,"The complex is composed of six subunits: RnfA, RnfB, RnfC,RnfD, RnfE and RnfG. {ECO:0000256|HAMAP-Rule:MF_00463}."
PN96_RS14820,Homodimer. {ECO:0000256|HAMAP-Rule:MF_01107}.
PN96_RS03415,Homodimer. {ECO:0000256|HAMAP-Rule:MF_00020}.
PN96_RS11520,Homodimer. {ECO:0000256|HAMAP-Rule:MF_01603}.
PN96_RS07625,Part of the 50S ribosomal subunit; part of the 5SrRNA/L5/L18/L25 subcomplex. Contacts the 5S rRNA. Binds to the 5S rRNAindependently of L5 and L18. {ECO:0000256|HAMAP-Rule:MF_01336}.
PN96_RS19630,"The complex is composed of six subunits: RnfA, RnfB, RnfC,RnfD, RnfE and RnfG. {ECO:0000256|HAMAP-Rule:MF_00461}."
PN96_RS14945,Monomer. {ECO:0000256|HAMAP-Rule:MF_00118}.
PN96_RS00440,Interacts with the RNAP. Has a higher affinity for the coreRNAP than for the holoenzyme. Its ATPase activity is stimulated bybinding to RNAP. {ECO:0000256|HAMAP-Rule:MF_01821}.
PN96_RS02320,Homodimer. {ECO:0000256|HAMAP-Rule:MF_01139}.
PN96_RS12475,"Heterodimer composed of CysD, the smaller subunit, and CysN.{ECO:0000256|HAMAP-Rule:MF_00064}."
PN96_RS03675,Heterodimer of an alpha and a beta chain. {ECO:0000256|HAMAP-Rule:MF_00381}.
PN96_RS00900,Homotetramer; dimer of dimers. {ECO:0000256|HAMAP-Rule:MF_00086}.
PN96_RS18330,Interacts with the cytoplasmic NapA precursor.{ECO:0000256|HAMAP-Rule:MF_02201}.
PN96_RS01720,Forms a heterodimer with UbiV. {ECO:0000256|HAMAP-Rule:MF_02232}.
PN96_RS10245,Homodimer. {ECO:0000256|HAMAP-Rule:MF_00180}.
PN96_RS14570,"Part of an enzyme complex containing four subunits: aflavoprotein (FrdA), an iron-sulfur protein (FrdB), and two hydrophobicanchor proteins (FrdC and FrdD). {ECO:0000256|HAMAP-Rule:MF_00709}."
PN96_RS03270,Homodimer. {ECO:0000256|HAMAP-Rule:MF_00157}.
PN96_RS14240,Homodimer. {ECO:0000256|HAMAP-Rule:MF_00015}.
PN96_RS19640,"The complex is composed of six subunits: RnfA, RnfB, RnfC,RnfD, RnfE and RnfG. {ECO:0000256|HAMAP-Rule:MF_00479}."
PN96_RS01275,Homodimer. {ECO:0000256|HAMAP-Rule:MF_00091}.
PN96_RS13420,Heterotetramer of two alpha chains (FadB) and two beta chains(FadA). {ECO:0000256|HAMAP-Rule:MF_01620}.
PN96_RS22490,Homodimer. {ECO:0000256|HAMAP-Rule:MF_00051}.
PN96_RS02525,Homotetramer; dimer of dimers. {ECO:0000256|HAMAP-Rule:MF_00418}.
PN96_RS11755,Homodimer. {ECO:0000256|HAMAP-Rule:MF_01025}.
PN96_RS10390,Homodimer. {ECO:0000256|HAMAP-Rule:MF_01151}.
PN96_RS09685,"The basal body constitutes a major portion of the flagellarorganelle and consists of four rings (L,P,S, and M) mounted on acentral rod. {ECO:0000256|HAMAP-Rule:MF_00415}."
PN96_RS19620,"The complex is composed of six subunits: RnfA, RnfB, RnfC,RnfD, RnfE and RnfG. {ECO:0000256|HAMAP-Rule:MF_00459}."
PN96_RS03330,Forms a heterotetramer with UvrA during the search forlesions. Interacts with UvrC in an incision complex.{ECO:0000256|HAMAP-Rule:MF_00204}.
PN96_RS06275,"Heterotrimer of UreA (gamma), UreB (beta) and UreC (alpha)subunits. Three heterotrimers associate to form the active enzyme.{ECO:0000256|HAMAP-Rule:MF_00739}."
PN96_RS10340,Homodimer. {ECO:0000256|HAMAP-Rule:MF_00972}.
PN96_RS10710,Monomer. {ECO:0000256|HAMAP-Rule:MF_00113}.
PN96_RS12110,Part of the 50S ribosomal subunit. {ECO:0000256|HAMAP-Rule:MF_01326}.
PN96_RS12210,Homotrimer. Binds to both RNA-binding sites in the C-terminalregion of Rne and to RhlB. {ECO:0000256|HAMAP-Rule:MF_00471}.
PN96_RS10240,"Forms an icosahedral capsid composed of 60 subunits, arrangedas a dodecamer of pentamers. {ECO:0000256|HAMAP-Rule:MF_00178}."
PN96_RS07285,Homodimer. {ECO:0000256|HAMAP-Rule:MF_00184}.
PN96_RS10170,Monomer. {ECO:0000256|HAMAP-Rule:MF_01551}.
PN96_RS03010,Homodimer. {ECO:0000256|HAMAP-Rule:MF_00004}.
PN96_RS09385,Heterotetramer of two alpha and two beta subunits.{ECO:0000256|HAMAP-Rule:MF_00558}.
PN96_RS02950,Homodimer. {ECO:0000256|HAMAP-Rule:MF_01825}.
PN96_RS02965,Homodimer. {ECO:0000256|HAMAP-Rule:MF_00171}.
PN96_RS07845,Monomer. {ECO:0000256|HAMAP-Rule:MF_00041}.
PN96_RS11345,"Part of a complex composed of FtsB, FtsL and FtsQ.{ECO:0000256|HAMAP-Rule:MF_00911}."
PN96_RS15100,Part of the 30S ribosomal subunit. Forms a tight heterodimerwith protein bS6. {ECO:0000256|HAMAP-Rule:MF_00270}.
PN96_RS15890,"Homotrimer formed of three 18-stranded antiparallel beta-barrels, containing three independent channels. {ECO:0000256|HAMAP-Rule:MF_01301}."
PN96_RS12585,Homohexamer. {ECO:0000256|HAMAP-Rule:MF_00151}.
PN96_RS14510,Homotetramer. {ECO:0000256|HAMAP-Rule:MF_00339}.
PN96_RS05720,Homodimer. {ECO:0000256|HAMAP-Rule:MF_00405}.
PN96_RS05515,Homodimer. {ECO:0000256|HAMAP-Rule:MF_00917}.
PN96_RS10935,Homodimer. {ECO:0000256|HAMAP-Rule:MF_00648}.
PN96_RS12060,{ECO:0000256|HAMAP-Rule:MF_00251}; {ECO:0000256|HAMAP-Rule:MF_00251}
PN96_RS00085,Monomer. {ECO:0000256|HAMAP-Rule:MF_00118}.
PN96_RS13460,Tetramer of two alpha and two beta subunits.{ECO:0000256|HAMAP-Rule:MF_00255}.
PN96_RS00595,Interacts with the C-terminal region of Rne.{ECO:0000256|HAMAP-Rule:MF_01888}.
PN96_RS07280,Monomer. {ECO:0000256|HAMAP-Rule:MF_00080}.
PN96_RS21245,"The glycine cleavage system is composed of four proteins: P,T, L and H. {ECO:0000256|HAMAP-Rule:MF_00272}."
PN96_RS02970,"Acetyl-CoA carboxylase is a heterohexamer composed of biotincarboxyl carrier protein (AccB), biotin carboxylase (AccC) and twosubunits each of ACCase subunit alpha (AccA) and ACCase subunit beta(AccD). {ECO:0000256|HAMAP-Rule:MF_01395}."
PN96_RS22615,"F-type ATPases have 2 components, F(1) - the catalytic core- and F(0) - the membrane proton channel. F(1) has five subunits:alpha(3), beta(3), gamma(1), delta(1), epsilon(1). F(0) has three mainsubunits: a(1), b(2) and c(10-14). The alpha and beta chains form analternating ring which encloses part of the gamma chain. F(1) isattached to F(0) by a central stalk formed by the gamma and epsilonchains, while a peripheral stalk is formed by the delta and b chains.{ECO:0000256|HAMAP-Rule:MF_01398}."
PN96_RS14750,Homohexamer. {ECO:0000256|HAMAP-Rule:MF_00436}.
PN96_RS14185,"Part of the signal recognition particle protein translocationsystem, which is composed of SRP and FtsY. SRP is a ribonucleoproteincomposed of Ffh and a 4.5S RNA molecule. {ECO:0000256|HAMAP-Rule:MF_00920}."
PN96_RS01695,"Part of the 30S ribosomal subunit. Forms a bridge to the 50Ssubunit in the 70S ribosome, contacting the 23S rRNA.{ECO:0000256|HAMAP-Rule:MF_01343}."
PN96_RS14650,Heterodimer of a large membrane-associated beta subunit and asmall pyruvoyl-containing alpha subunit. {ECO:0000256|HAMAP-Rule:MF_00662}.
PN96_RS03360,Homohexamer; trimer of dimers. {ECO:0000256|HAMAP-Rule:MF_01224}.
PN96_RS12165,Part of the 50S ribosomal subunit. Forms a cluster withproteins L14 and L19. {ECO:0000256|HAMAP-Rule:MF_01325}.
PN96_RS05865,Homodimer. {ECO:0000256|HAMAP-Rule:MF_01850}.
PN96_RS05685,Monomer. {ECO:0000256|HAMAP-Rule:MF_00225}.
PN96_RS04030,Interacts with UvrB in an incision complex.{ECO:0000256|HAMAP-Rule:MF_00203}.
PN96_RS11905,Homotetramer. {ECO:0000256|HAMAP-Rule:MF_01855}.
PN96_RS00090,"Component of the Sec protein translocase complex. Heterotrimerconsisting of SecY, SecE and SecG subunits. The heterotrimers can formoligomers, although 1 heterotrimer is thought to be able to translocateproteins. Interacts with the ribosome. Interacts with SecDF, and otherproteins may be involved. Interacts with SecA. {ECO:0000256|HAMAP-Rule:MF_00422}."
PN96_RS13025,"The Tat system comprises two distinct complexes: a TatABCcomplex, containing multiple copies of TatA, TatB and TatC subunits,and a separate TatA complex, containing only TatA subunits. Substratesinitially bind to the TatABC complex, which probably triggersassociation of the separate TatA complex to form the active translocon.{ECO:0000256|HAMAP-Rule:MF_00902}."
PN96_RS15590,Homotetramer. {ECO:0000256|HAMAP-Rule:MF_00627}.
PN96_RS13605,"F-type ATPases have 2 components, CF(1) - the catalytic core- and CF(0) - the membrane proton channel. CF(1) has five subunits:alpha(3), beta(3), gamma(1), delta(1), epsilon(1). CF(0) has three mainsubunits: a, b and c. {ECO:0000256|HAMAP-Rule:MF_00530}."
PN96_RS03965,Homodimer. {ECO:0000256|HAMAP-Rule:MF_00211}.
PN96_RS12630,Homodimer. {ECO:0000256|HAMAP-Rule:MF_01208}.
PN96_RS12200,A double ring-shaped homohexamer of HslV is capped on eachside by a ring-shaped HslU homohexamer. The assembly of the HslU/HslVcomplex is dependent on binding of ATP. {ECO:0000256|HAMAP-Rule:MF_00249}.
PN96_RS16120,Homodimer or homotetramer. {ECO:0000256|HAMAP-Rule:MF_01961}.
PN96_RS00510,Component of the lipopolysaccharide transport and assemblycomplex. Interacts with LptA and the LptBFG transporter complex.{ECO:0000256|HAMAP-Rule:MF_01915}.
PN96_RS13840,Homodimer. {ECO:0000256|HAMAP-Rule:MF_00089}.
PN96_RS18465,Homodimer. {ECO:0000256|HAMAP-Rule:MF_01128}.
PN96_RS14775,Homodimer. {ECO:0000256|HAMAP-Rule:MF_00011}.
PN96_RS08310,Homotetramer. {ECO:0000256|HAMAP-Rule:MF_01590}.
PN96_RS09620,Interacts with FtsZ via their C-terminal domains.{ECO:0000256|HAMAP-Rule:MF_00509}.
PN96_RS08410,Homotetramer. {ECO:0000256|HAMAP-Rule:MF_00624}.
PN96_RS11465,Interacts with FtsZ. {ECO:0000256|HAMAP-Rule:MF_01919}.
PN96_RS17300,Homodimer. {ECO:0000256|HAMAP-Rule:MF_01375}.
PN96_RS09080,"Component of the ClpX-ClpP complex. Forms a hexameric ringthat, in the presence of ATP, binds to fourteen ClpP subunits assembledinto a disk-like structure with a central cavity, resembling thestructure of eukaryotic proteasomes. {ECO:0000256|HAMAP-Rule:MF_00175}."
PN96_RS18105,Homodimer. {ECO:0000256|HAMAP-Rule:MF_00180}.
PN96_RS08020,Homodimer. {ECO:0000256|HAMAP-Rule:MF_00834}.
PN96_RS14575,"Part of an enzyme complex containing four subunits: aflavoprotein (FrdA), an iron-sulfur protein (FrdB), and two hydrophobicanchor proteins (FrdC and FrdD). {ECO:0000256|HAMAP-Rule:MF_00708}."
PN96_RS01415,Homodecamer; pentamer of dimers. {ECO:0000256|HAMAP-Rule:MF_00156}.
PN96_RS19350,Dimer of dimers. {ECO:0000256|HAMAP-Rule:MF_00804}.
PN96_RS09875,Monomer. {ECO:0000256|HAMAP-Rule:MF_00083}.
PN96_RS10330,Monomer. {ECO:0000256|HAMAP-Rule:MF_00419}.
PN96_RS10210,Heterooligomer composed of large and small subunits.{ECO:0000256|HAMAP-Rule:MF_00337}.
PN96_RS08250,"The Tol-Pal system is composed of five core proteins: theinner membrane proteins TolA, TolQ and TolR, the periplasmic proteinTolB and the outer membrane protein Pal. They form a network linkingthe inner and outer membranes and the peptidoglycan layer.{ECO:0000256|HAMAP-Rule:MF_02202}."
PN96_RS23400,Homodimer. {ECO:0000256|HAMAP-Rule:MF_00219}.
PN96_RS09855,Homodimer. {ECO:0000256|HAMAP-Rule:MF_00087}.
PN96_RS14050,Monomer. {ECO:0000256|HAMAP-Rule:MF_00260}.
PN96_RS17460,The basic unit is a heterodimer which dimerizes to formtetramers. The heterotetramers trimerize; 6 large subunits form a corering with 6 small subunits projecting outwards. {ECO:0000256|HAMAP-Rule:MF_00861}.
PN96_RS10655,Interacts with HscA and stimulates its ATPase activity.{ECO:0000256|HAMAP-Rule:MF_00682}.
PN96_RS10570,"Homodimer. {ECO:0000256|HAMAP-Rule:MF_00344}.DR   UniPathway; UPA00189; UER00296.DR   GO; GO:0005524; F:ATP binding; AA:HAMAP.DR   GO; GO:0003922; F:GMP synthase (glutamine-hydrolyzing) activity; AA:HAMAP.DR   GO; GO:0006177; P:GMP biosynthetic process; AA:HAMAP.DR   HAMAP; MF_00344; GMP_synthase; 1.KW   ATP-binding; Glutamine amidotransferase; GMP biosynthesis; Ligase;KW   Nucleotide-binding; Purine biosynthesis.FT   ACT_SITE        86FT                   /note=""Nucleophile""FT                   /evidence=""ECO:0000256|HAMAP-Rule:MF_00344""FT   ACT_SITE        173FT                   /evidence=""ECO:0000256|HAMAP-Rule:MF_00344""FT   ACT_SITE        175FT                   /evidence=""ECO:0000256|HAMAP-Rule:MF_00344""****   #################    INTERNAL SECTION    ##################**HA Submitted Name: WP_014230949.1**DR PROSITE; PS51273; GATASE_TYPE_1; FALSE_NEG.**DR PROSITE; PS51553; GMPS_ATP_PPASE; FALSE_NEG.**EV ECO:0000256; HAMAP-Rule:MF_00344; XXX; 16-SEP-2024.**HA FAM; Method MF_00344; GUAA; Trusted match; 56.532 (+12.1).**HA FAM; Method MF_00345; GUAAB; Shadowed; 38.138 (-4.6).**HA FAM; Method MF_01510; GUAAA; Shadowed; 30.198 (-7.2).**HA FAM; Method MF_00193; NADE; Weak match; 10.71 (-31.2).**HA FAM; Method MF_00278; HIS5; Weak match; 10.602 (-18.2).**HA SAM; Annotated by HAMAP 3.87.0; MF_00344.44; MF_00344; 16-SEP-2024 13:42:36.SQ   SEQUENCE   517 AA;  57625 MW;  110EB42594DC82DE CRC64;     MTKNIHDQRI LILDFGSQYT QLVARRVREI GVYCELWSWD VEEADIREFN PDGIILSGGP     ESVTEENSPR APQYVFDSGV PVLGVCYGMQ TMAEQLGGKV AGSNEREFGY AQVKVSGESA     LFKDLEATQD VWMSHGDKVV EIPADFVKVG ETDTCPYAAM ANEEKKYYGV QFHPEVTHTK     QGLQILENFV LGVCGCERLW TSESIIEDAV ARIKEQVGDD EVILGLSGGV DSSVVAMLVH     RAIGDKLTCV FVDNGLLRLN EGQQVMDMFG DKFGLNIIKV DAEDRFLDAL KGKSDPEDKR     KTIGHVFVDV FDEESKKLAN AKWLAQGTIY PDVIESAASK TGKAHVIKSH HNVGGLPEDM     EMGLVEPLRE LFKDEVRKIG LELGLPYNML YRHPFPGPGL GVRVLGEIKK EYCDLLRRAD     AIFIEELHAA DLYNKVSQAF TVFLPVRSVG VMGDGRKYDW VVSLRAVETI DFMTAHWAHL     PYDFLGKVSN RIINEVDGIS RVVYDISGKP PATIEWE"
PN96_RS18415,{ECO:0000256|HAMAP-Rule:MF_00492};{ECO:0000256|HAMAP-Rule:MF_00492};{ECO:0000256|HAMAP-Rule:MF_00492}
PN96_RS14525,Forms a cylinder of 14 subunits composed of two heptamericrings stacked back-to-back. Interacts with the co-chaperonin GroES.{ECO:0000256|HAMAP-Rule:MF_00600}.
PN96_RS12055,Part of the 30S ribosomal subunit. Forms a loose heterodimerwith protein S19. Forms two bridges to the 50S subunit in the 70Sribosome. {ECO:0000256|HAMAP-Rule:MF_01315}.
PN96_RS06010,Monomer. {ECO:0000256|HAMAP-Rule:MF_00316}.
PN96_RS14405,Homododecamer. {ECO:0000256|HAMAP-Rule:MF_00169}.
PN96_RS10375,Homodimer. {ECO:0000256|HAMAP-Rule:MF_01152}.
PN96_RS02165,"Composed of six subunits; NqrA, NqrB, NqrC, NqrD, NqrE andNqrF. {ECO:0000256|HAMAP-Rule:MF_00429}."
PN96_RS06280,"UreD, UreF and UreG form a complex that acts as a GTP-hydrolysis-dependent molecular chaperone, activating the ureaseapoprotein by helping to assemble the nickel containing metallocenterof UreC. The UreE protein probably delivers the nickel.{ECO:0000256|HAMAP-Rule:MF_01384}."
PN96_RS11310,Homotetramer. {ECO:0000256|HAMAP-Rule:MF_00102}.
PN96_RS19870,Homodimer. {ECO:0000256|HAMAP-Rule:MF_00572}.
PN96_RS02045,"Heterotrimer of RecB, RecC and RecD. All subunits contributeto DNA-binding. {ECO:0000256|HAMAP-Rule:MF_01487}."
PN96_RS00135,Homodimer. {ECO:0000256|HAMAP-Rule:MF_00297}.
PN96_RS01605,Homodimer. {ECO:0000256|HAMAP-Rule:MF_02007}.
PN96_RS01145,Interacts with the RNA polymerase core enzyme.{ECO:0000256|HAMAP-Rule:MF_00959}.
PN96_RS02415,Monomer. {ECO:0000256|HAMAP-Rule:MF_01374}.
PN96_RS12215,"Homodimer. The ends of the coiled-coil dimer bind to eachother, forming polymers. Interacts with FtsZ. {ECO:0000256|HAMAP-Rule:MF_01196}."
PN96_RS09775,Monomer. {ECO:0000256|HAMAP-Rule:MF_00022}.
PN96_RS14085,Forms a cyclic heterotetrameric complex composed of twomolecules of XerC and two molecules of XerD. {ECO:0000256|HAMAP-Rule:MF_01808}.
PN96_RS02450,Homotetramer. {ECO:0000256|HAMAP-Rule:MF_00067}.
PN96_RS08285,Homotetramer. Forms an RuvA(8)-RuvB(12)-Holliday junction (HJ)complex. HJ DNA is sandwiched between 2 RuvA tetramers; dsDNA entersthrough RuvA and exits via RuvB. An RuvB hexamer assembles on each DNAstrand where it exits the tetramer. Each RuvB hexamer is contacted bytwo RuvA subunits (via domain III) on 2 adjacent RuvB subunits; thiscomplex drives branch migration. In the full resolvosome a probableDNA-RuvA(4)-RuvB(12)-RuvC(2) complex forms which resolves the HJ.{ECO:0000256|HAMAP-Rule:MF_00031}.
PN96_RS07895,Homodimer. {ECO:0000256|HAMAP-Rule:MF_01023}.
PN96_RS08010,Homodimer. {ECO:0000256|HAMAP-Rule:MF_01693}.
PN96_RS08350,"Interacts, and probably forms a ternary complex, with MukF andMukB. The complex formation is stimulated by calcium or magnesium.{ECO:0000256|HAMAP-Rule:MF_01802}."
PN96_RS15970,Homotetramer. {ECO:0000256|HAMAP-Rule:MF_00544}.
PN96_RS19950,Homodecamer. {ECO:0000256|HAMAP-Rule:MF_01661}.
PN96_RS15810,Monomer. {ECO:0000256|HAMAP-Rule:MF_00685}.
PN96_RS10690,"Forms a complex with SecD. Part of the essential Sec proteintranslocation apparatus which comprises SecA, SecYEG and auxiliaryproteins SecDF-YajC and YidC. {ECO:0000256|HAMAP-Rule:MF_01464}."
PN96_RS08415,Monomer. {ECO:0000256|HAMAP-Rule:MF_00952}.
PN96_RS11620,Interacts transiently with the RNA polymerase catalytic core.{ECO:0000256|HAMAP-Rule:MF_00963}.
PN96_RS17435,Forms a cylinder of 14 subunits composed of two heptamericrings stacked back-to-back. Interacts with the co-chaperonin GroES.{ECO:0000256|HAMAP-Rule:MF_00600}.
PN96_RS00570,Contains catalytic and regulatory chains. {ECO:0000256|HAMAP-Rule:MF_00002}.
PN96_RS18455,Homopolymer. {ECO:0000256|HAMAP-Rule:MF_00223}.
PN96_RS00615,Monomer. {ECO:0000256|HAMAP-Rule:MF_02004}.
PN96_RS13480,"Heterotetramer, composed of two GyrA and two GyrB chains. Inthe heterotetramer, GyrA contains the active site tyrosine that forms atransient covalent intermediate with DNA, while GyrB binds cofactorsand catalyzes ATP hydrolysis. {ECO:0000256|HAMAP-Rule:MF_01898}."
PN96_RS18270,"Forms a complex with SecF. Part of the essential Sec proteintranslocation apparatus which comprises SecA, SecYEG and auxiliaryproteins SecDF-YajC and YidC. {ECO:0000256|HAMAP-Rule:MF_01463}."
PN96_RS01110,"Part of a complex composed of FtsB, FtsL and FtsQ.{ECO:0000256|HAMAP-Rule:MF_00599}."
PN96_RS10045,Interacts with ribosomal protein uL14 (rplN).{ECO:0000256|HAMAP-Rule:MF_01477}.
PN96_RS03515,"Component of the RNA degradosome, which is a multiproteincomplex involved in RNA processing and mRNA degradation. Within the RNAdegradosome, RNase E assembles into a homotetramer formed by a dimer ofdimers. {ECO:0000256|HAMAP-Rule:MF_00970}."
PN96_RS14935,Part of the 30S ribosomal subunit. Contacts proteins S9 andS11. {ECO:0000256|HAMAP-Rule:MF_00480}.
PN96_RS00125,"The RNAP catalytic core consists of 2 alpha, 1 beta, 1 beta'and 1 omega subunit. When a sigma factor is associated with the corethe holoenzyme is formed, which can initiate transcription.{ECO:0000256|HAMAP-Rule:MF_01322}."
PN96_RS08345,"Homodimerization via its hinge domain. Binds to DNA via its C-terminal region. Interacts, and probably forms a ternary complex, withMukE and MukF via its C-terminal region. The complex formation isstimulated by calcium or magnesium. Interacts with tubulin-relatedprotein FtsZ. {ECO:0000256|HAMAP-Rule:MF_01800}."
PN96_RS13215,Monomer. {ECO:0000256|HAMAP-Rule:MF_00934}.
PN96_RS10595,Associates with the 50S ribosomal subunit. {ECO:0000256|HAMAP-Rule:MF_00195}.
PN96_RS19440,Homodimer. {ECO:0000256|HAMAP-Rule:MF_00533}.
PN96_RS07210,Homodimer. {ECO:0000256|HAMAP-Rule:MF_01643}.
PN96_RS12195,A double ring-shaped homohexamer of HslV is capped on eachside by a ring-shaped HslU homohexamer. The assembly of the HslU/HslVcomplex is dependent on binding of ATP. {ECO:0000256|HAMAP-Rule:MF_00248}.
PN96_RS02190,Monomer. {ECO:0000256|HAMAP-Rule:MF_01113}.
PN96_RS21135,Homotetramer. {ECO:0000256|HAMAP-Rule:MF_00624}.
PN96_RS01585,Homodimer. {ECO:0000256|HAMAP-Rule:MF_01380}.
PN96_RS14875,Interacts with the regulatory subunit KefG.{ECO:0000256|HAMAP-Rule:MF_01412}.
PN96_RS15000,Homodimer. {ECO:0000256|HAMAP-Rule:MF_01108}.
PN96_RS08235,"The Tol-Pal system is composed of five core proteins: theinner membrane proteins TolA, TolQ and TolR, the periplasmic proteinTolB and the outer membrane protein Pal. They form a network linkingthe inner and outer membranes and the peptidoglycan layer.{ECO:0000256|HAMAP-Rule:MF_00671}."
PN96_RS08455,Binds to the N-terminal domain of the chaperone ClpA.{ECO:0000256|HAMAP-Rule:MF_00302}.
PN96_RS07445,Homodimer. {ECO:0000256|HAMAP-Rule:MF_00160}.
PN96_RS09870,Homohexamer. {ECO:0000256|HAMAP-Rule:MF_00583}.
PN96_RS14635,Monomer. {ECO:0000256|HAMAP-Rule:MF_01038}.
PN96_RS21825,Homotetramer. {ECO:0000256|HAMAP-Rule:MF_00987}.
PN96_RS22760,Tetramer of two alpha and two beta chains. {ECO:0000256|HAMAP-Rule:MF_00133}.
PN96_RS14625,"Homotetramer, a dimer of dimers. One homotetramer interactswith 1 SecA dimer. {ECO:0000256|HAMAP-Rule:MF_00821}."
PN96_RS12520,Homopentamer. {ECO:0000256|HAMAP-Rule:MF_01601}.
PN96_RS15860,Homodimer. {ECO:0000256|HAMAP-Rule:MF_01639}.
PN96_RS14755,Monomer. Associates with the 50S ribosomal subunit.{ECO:0000256|HAMAP-Rule:MF_00900}.
PN96_RS16420,Homodimer. {ECO:0000256|HAMAP-Rule:MF_01629}.
PN96_RS00140,Homodimer. {ECO:0000256|HAMAP-Rule:MF_00218}.
PN96_RS01715,Forms a heterodimer with UbiU. {ECO:0000256|HAMAP-Rule:MF_02233}.
PN96_RS03540,Homodimer. Probably interacts with PlsY. {ECO:0000256|HAMAP-Rule:MF_00019}.
PN96_RS13770,Homodimer. {ECO:0000256|HAMAP-Rule:MF_00222}.
PN96_RS05690,Interacts directly with FtsZ. {ECO:0000256|HAMAP-Rule:MF_00906}.
PN96_RS11485,Heterotetramer composed of ParC and ParE. {ECO:0000256|HAMAP-Rule:MF_00936}.
PN96_RS12075,Part of the 50S ribosomal subunit. {ECO:0000256|HAMAP-Rule:MF_01371}.
PN96_RS00575,"Heterododecamer (2C3:3R2) of six catalytic PyrB chainsorganized as two trimers (C3), and six regulatory PyrI chains organizedas three dimers (R2). {ECO:0000256|HAMAP-Rule:MF_00001}."
PN96_RS10575,Homotetramer. {ECO:0000256|HAMAP-Rule:MF_01964}.
PN96_RS11420,Homotetramer. {ECO:0000256|HAMAP-Rule:MF_00067}.
PN96_RS12905,Homodimer. {ECO:0000256|HAMAP-Rule:MF_00518}.
PN96_RS15825,Monomer in solution. Oligomerizes to an active state in thepresence of the positive effectors ATP and maltotriose.{ECO:0000256|HAMAP-Rule:MF_01247}.
PN96_RS01050,Homodimer. {ECO:0000256|HAMAP-Rule:MF_00104}.
PN96_RS10670,"Homodimer. Forms a heterotetramer with IscU, interacts withother sulfur acceptors. {ECO:0000256|HAMAP-Rule:MF_00331}."
PN96_RS14930,Part of the 30S ribosomal subunit. Contacts proteins S8 andS17. May interact with IF1 in the 30S initiation complex.{ECO:0000256|HAMAP-Rule:MF_00403}.
PN96_RS02155,"Composed of six subunits; NqrA, NqrB, NqrC, NqrD, NqrE andNqrF. {ECO:0000256|HAMAP-Rule:MF_00427}."
PN96_RS12175,Part of the 50S ribosomal subunit. {ECO:0000256|HAMAP-Rule:MF_00501}.
PN96_RS11490,Heterotetramer composed of ParC and ParE. {ECO:0000256|HAMAP-Rule:MF_00938}.
PN96_RS00290,Forms a heterotetramer with UvrB during the search forlesions. {ECO:0000256|HAMAP-Rule:MF_00205}.
PN96_RS12105,Part of the 50S ribosomal subunit; part of the 5SrRNA/L5/L18/L25 subcomplex. Contacts the 5S rRNA and the P site tRNA.Forms a bridge to the 30S subunit in the 70S ribosome.{ECO:0000256|HAMAP-Rule:MF_01333}.
PN96_RS09860,Monomer. {ECO:0000256|HAMAP-Rule:MF_00233}.
PN96_RS03300,"The complex is composed of six subunits: RnfA, RnfB, RnfC,RnfD, RnfE and RnfG. {ECO:0000256|HAMAP-Rule:MF_00479}."
PN96_RS12135,Part of the 30S ribosomal subunit. Forms a tight complex withproteins S10 and S14. {ECO:0000256|HAMAP-Rule:MF_01309}.
PN96_RS04270,Homodimer. {ECO:0000256|HAMAP-Rule:MF_00534}.
PN96_RS01580,Homodimer. {ECO:0000256|HAMAP-Rule:MF_00375}.
PN96_RS02150,"Composed of six subunits; NqrA, NqrB, NqrC, NqrD, NqrE andNqrF. {ECO:0000256|HAMAP-Rule:MF_00426}."
PN96_RS02030,"Heterotrimer of RecB, RecC and RecD. All subunits contributeto DNA-binding. {ECO:0000256|HAMAP-Rule:MF_01486}."
PN96_RS12925,Monomer. {ECO:0000256|HAMAP-Rule:MF_00849}.
PN96_RS08445,"Component of the 30S ribosomal translation pre-initiationcomplex which assembles on the 30S ribosome in the order IF-2 and IF-3,IF-1 and N-formylmethionyl-tRNA(fMet); mRNA recruitment can occur atany time during PIC assembly. {ECO:0000256|HAMAP-Rule:MF_00075}."
PN96_RS11305,"Composed of two chains; the small (or glutamine) chainpromotes the hydrolysis of glutamine to ammonia, which is used by thelarge (or ammonia) chain to synthesize carbamoyl phosphate. Tetramer ofheterodimers (alpha,beta)4. {ECO:0000256|HAMAP-Rule:MF_01209}."
PN96_RS02360,Homotrimer. {ECO:0000256|HAMAP-Rule:MF_00387}.
PN96_RS00810,Homotetramer. {ECO:0000256|HAMAP-Rule:MF_00313}.
PN96_RS02530,Part of the Bam complex. {ECO:0000256|HAMAP-Rule:MF_00924}.
PN96_RS11410,Interacts with PBP1a. {ECO:0000256|HAMAP-Rule:MF_01890}.
PN96_RS22750,Homotetramer. {ECO:0000256|HAMAP-Rule:MF_00417}.
PN96_RS17705,Homodimer. {ECO:0000256|HAMAP-Rule:MF_00011}.
PN96_RS03305,"The complex is composed of six subunits: RnfA, RnfB, RnfC,RnfD, RnfE and RnfG. {ECO:0000256|HAMAP-Rule:MF_00462}."
PN96_RS14655,"Monomer. Associates with 30S ribosomal subunit, binds 16SrRNA. {ECO:0000256|HAMAP-Rule:MF_01820}."
PN96_RS01105,"Component of the RNA degradosome, a multiprotein complexinvolved in RNA processing and mRNA degradation. {ECO:0000256|HAMAP-Rule:MF_00318}."
PN96_RS13545,Homodimer. Heterotetramer of two MnmE and two MnmG subunits.{ECO:0000256|HAMAP-Rule:MF_00129}.
PN96_RS13970,Homohexamer. The homohexamer assembles into an open ringstructure. {ECO:0000256|HAMAP-Rule:MF_01884}.
PN96_RS00305,"Homotetramer. {ECO:0000256|HAMAP-Rule:MF_00984}.DR   GO; GO:0003697; F:single-stranded DNA binding; AA:HAMAP.DR   GO; GO:0006310; P:DNA recombination; AA:HAMAP.DR   GO; GO:0006281; P:DNA repair; AA:HAMAP.DR   GO; GO:0006260; P:DNA replication; AA:HAMAP.DR   HAMAP; MF_00984; SSB; 1.KW   DNA damage; DNA recombination; DNA repair; DNA replication; DNA-binding.FT   DNA_BIND        55..61FT                   /evidence=""ECO:0000256|HAMAP-Rule:MF_00984""FT   MOTIF           174..179FT                   /note=""Important for interaction with partner proteins""FT                   /evidence=""ECO:0000256|HAMAP-Rule:MF_00984""****   #################    INTERNAL SECTION    ##################**HA Submitted Name: WP_014233117.1**DR PROSITE; PS50935; SSB; FALSE_NEG.**EV ECO:0000256; HAMAP-Rule:MF_00984; XXX; 16-SEP-2024.**HA FAM; Method MF_00984; SSB; Trusted match; 39.771 (+17.7).**HA SAM; Annotated by HAMAP 3.87.0; MF_00984.5; MF_00984; 16-SEP-2024 13:42:31.SQ   SEQUENCE   179 AA;  19686 MW;  6C7145DD62B13B4F CRC64;     MASRGINKVI LVGNLGNDPE IRYMPNGGAV ANITIATSDS WRDKATGEQR EKTEWHRVVL     FGKLAEVAGE YLRKGSQVYV EGQLQTRKWQ DQSGQDRYST EVVVQGFNGV MQMLGGRAQG     GAPAMGGQAP QQGGWGQPQQ PAQPQYNAPQ QQAPKQSAPQ QPQQQYNEPP MDFDDDIPF"
PN96_RS11910,Homohexamer. {ECO:0000256|HAMAP-Rule:MF_00209}.
PN96_RS14435,Homotetramer. {ECO:0000256|HAMAP-Rule:MF_00743}.
PN96_RS10915,Part of the Bam complex. {ECO:0000256|HAMAP-Rule:MF_00922}.
PN96_RS11855,Homodimer. {ECO:0000256|HAMAP-Rule:MF_01516}.
PN96_RS14995,Homotetramer. {ECO:0000256|HAMAP-Rule:MF_00595}.
PN96_RS01180,"Homodimer; the beta-strands of each monomer intercalate toform a hydrophobic core, while the alpha-helices form wings that extendaway from the core. {ECO:0000256|HAMAP-Rule:MF_00167}."
PN96_RS11770,Heterodimer of LeuC and LeuD. {ECO:0000256|HAMAP-Rule:MF_01031}.
PN96_RS11990,"Heterodimer composed of CysD, the smaller subunit, and CysN.{ECO:0000256|HAMAP-Rule:MF_00064}."
PN96_RS15165,"Alpha(8)-beta(8). The alpha component is a flavoprotein, thebeta component is a hemoprotein. {ECO:0000256|HAMAP-Rule:MF_01541}."
PN96_RS10405,Part of the Bam complex. {ECO:0000256|HAMAP-Rule:MF_00925}.
PN96_RS03295,"The complex is composed of six subunits: RnfA, RnfB, RnfC,RnfD, RnfE and RnfG. {ECO:0000256|HAMAP-Rule:MF_00478}."
PN96_RS14870,Interacts with KefB. {ECO:0000256|HAMAP-Rule:MF_01415}.
PN96_RS00505,Component of the lipopolysaccharide transport and assemblycomplex. {ECO:0000256|HAMAP-Rule:MF_01914}.
PN96_RS10465,Homodimer. {ECO:0000256|HAMAP-Rule:MF_01663}.
PN96_RS16595,Homohexamer; trimer of disulfide-linked dimers.{ECO:0000256|HAMAP-Rule:MF_01241}.
PN96_RS02955,Homodimer. {ECO:0000256|HAMAP-Rule:MF_02121}.
