locustag,Desc
PN96_RS15185,malk
PN96_RS15195,vpsm
PN96_RS15200,vpsn
PN96_RS15205,exop
PN96_RS15240,vpsq
PN96_RS15250,nemr
PN96_RS15255,cura
PN96_RS15260,gst
PN96_RS15265,hibadh
PN96_RS15280,eutq
PN96_RS15290,rubb
PN96_RS15315,vcam
PN96_RS15325,fhuc
PN96_RS15330,fhud
PN96_RS15335,fhub
PN96_RS15345,hase
PN96_RS15350,hasd
PN96_RS15365,vpst
PN96_RS15375,moxr
PN96_RS15390,yfbk
PN96_RS15395,yfbk
PN96_RS15405,pstb
PN96_RS15410,psta
PN96_RS15415,pstc
PN96_RS15420,psts
PN96_RS15425,mcp
PN96_RS15435,lpp
PN96_RS15440,ycfs
PN96_RS15445,phr
PN96_RS15460,deod
PN96_RS15490,mtst
PN96_RS15500,naph
PN96_RS15505,napg
PN96_RS15510,aaat
PN96_RS15540,prep
PN96_RS15550,lutp
PN96_RS15555,lldd
PN96_RS15565,ynai
PN96_RS15570,cah
PN96_RS15580,cspa
PN96_RS15590,tdh
PN96_RS15595,kbl
PN96_RS15645,yaer
PN96_RS15655,cybc
PN96_RS15660,ycdx
PN96_RS15720,fpr
PN96_RS15725,ybgc
PN96_RS15735,dacc
PN96_RS15760,marc
PN96_RS15785,cpg
PN96_RS15800,amy
PN96_RS15805,mtga
PN96_RS15815,malq
PN96_RS15820,pyg
PN96_RS15825,malt
PN96_RS15850,rsga
PN96_RS15855,sstt
PN96_RS15860,pdxk
PN96_RS15870,pula
PN96_RS15885,malm
PN96_RS15890,lamb
PN96_RS15895,isa
PN96_RS15900,scrr
PN96_RS15905,scra
PN96_RS15930,yclq
PN96_RS15935,ycln
PN96_RS15940,yclo
PN96_RS15945,yclp
PN96_RS15955,emrb
PN96_RS15960,emra
PN96_RS15970,tnaa
PN96_RS15975,mtr
PN96_RS16005,suge
PN96_RS16015,gst
PN96_RS16020,mmsa
PN96_RS16030,baur
PN96_RS16045,ectc
PN96_RS16050,putp
PN96_RS16065,tyna
PN96_RS16075,tynb
PN96_RS16110,sacc
PN96_RS16115,sacb
PN96_RS16120,katg
PN96_RS16130,pqql
PN96_RS16135,csla
PN96_RS16145,ugl
PN96_RS16150,galt
PN96_RS16155,gale
PN96_RS16165,lacz
PN96_RS16175,mcp
PN96_RS16205,atsb
PN96_RS16220,fecb
PN96_RS16225,feca
PN96_RS16230,ompu
PN96_RS16235,arah
PN96_RS16240,arag
PN96_RS16245,araf
PN96_RS16250,arab
PN96_RS16255,arad
PN96_RS16260,araa
PN96_RS16265,arac
PN96_RS16270,galm
PN96_RS16290,tauc
PN96_RS16295,taub
PN96_RS16300,taua
PN96_RS16305,tpa
PN96_RS16345,osmc
PN96_RS16350,ohrr
PN96_RS16355,ahpc
PN96_RS16360,ahpf
PN96_RS16365,atsa
PN96_RS16380,lrp
PN96_RS16390,putp
PN96_RS16400,puta
PN96_RS16420,pdxh
PN96_RS16425,dctb
PN96_RS16435,lapc
PN96_RS16450,lapb
PN96_RS16460,oppa
PN96_RS16465,mpaa
PN96_RS16475,tmca
PN96_RS16480,parb
PN96_RS16485,para
PN96_RS16500,ddpf
PN96_RS16505,ddpd
PN96_RS16560,ppib
PN96_RS16570,glts
PN96_RS16595,nagb
PN96_RS16610,hdfr
PN96_RS16615,pir
PN96_RS16630,ada
PN96_RS16635,ogt
PN96_RS16680,ppnp
PN96_RS16695,dinf
PN96_RS16705,rlua
PN96_RS16715,cdga
PN96_RS16725,frmb
PN96_RS16730,frma
PN96_RS16750,kdgr
PN96_RS16755,kdud
PN96_RS16770,kdgk
PN96_RS16775,eda
PN96_RS16805,ompw
PN96_RS16810,rof
PN96_RS16820,macrod
PN96_RS16850,cdar
PN96_RS16860,glxk
PN96_RS16875,tory
PN96_RS16880,torz
PN96_RS16885,pgpb
PN96_RS16890,thie
PN96_RS16895,thim
PN96_RS16900,tena
PN96_RS16905,thiy
PN96_RS16910,thix
PN96_RS16915,thiz
PN96_RS16920,thid
PN96_RS16925,tldd
PN96_RS16930,pmba
PN96_RS16935,trmy
PN96_RS16995,yibl
PN96_RS17000,ldha
PN96_RS17015,ldh
PN96_RS17040,exbb
PN96_RS17045,exbb
PN96_RS17050,exbd
PN96_RS17055,tonb
PN96_RS17070,ptrb
PN96_RS17075,emrd
PN96_RS17080,speb
PN96_RS17085,spea
PN96_RS17100,rimk
PN96_RS17135,lhgo
PN96_RS17175,aceb
PN96_RS17180,dgcb
PN96_RS17185,phrb
PN96_RS17200,msrab
PN96_RS17205,yhfa
PN96_RS17210,maa
PN96_RS17225,livk
PN96_RS17230,livh
PN96_RS24345,livf
PN96_RS17240,coda
PN96_RS17255,yjjg
PN96_RS17270,maca
PN96_RS17275,macb
PN96_RS17285,tlh
PN96_RS17300,phnx
PN96_RS17305,pbfa
PN96_RS17310,phnw
PN96_RS17315,afua
PN96_RS17325,afuc
PN96_RS17330,afub
PN96_RS17400,idi
PN96_RS17425,pspe
PN96_RS17430,groes
PN96_RS17435,groel
PN96_RS17440,rhtc
PN96_RS17455,eutr
PN96_RS17460,eutb
PN96_RS17465,eutc
PN96_RS17470,eat
PN96_RS17475,msra
PN96_RS17485,pnca
PN96_RS17495,pncb
PN96_RS17545,fusa
PN96_RS17555,scry
PN96_RS17565,soxr
PN96_RS17585,clsc
PN96_RS17645,opud
PN96_RS17655,oprn
PN96_RS17675,potd
PN96_RS17680,yars
PN96_RS17695,pps
PN96_RS17700,ppsr
PN96_RS17705,pura
PN96_RS17720,dmdb
PN96_RS17735,ydhp
PN96_RS17750,pecm
PN96_RS17755,azr
PN96_RS17765,rnr
PN96_RS17770,cspa
PN96_RS17780,gcva
PN96_RS17785,hisc
PN96_RS17790,aotj
PN96_RS17800,xanp
PN96_RS17810,urah
PN96_RS17815,hpxq
PN96_RS17820,xdhc
PN96_RS17825,xdhb
PN96_RS17830,xdha
PN96_RS17835,rutr
PN96_RS17840,chrr
PN96_RS17860,baur
PN96_RS17865,huth
PN96_RS17870,hutu
PN96_RS17880,doed
PN96_RS17885,doec
PN96_RS17890,doex
PN96_RS17895,doeb
PN96_RS17900,doea
PN96_RS17905,galr
PN96_RS17910,hxpb
PN96_RS17920,bglf
PN96_RS17960,rhle
PN96_RS17995,fabg
PN96_RS18000,yghu
PN96_RS18020,ade
PN96_RS18035,cspa
PN96_RS18040,pir
PN96_RS18065,mvim
PN96_RS18070,epta
PN96_RS18075,dgka
PN96_RS18090,dsba
PN96_RS18100,gpx
PN96_RS18105,ribb
PN96_RS18130,mgte
PN96_RS18150,yjeh
PN96_RS18165,rhtc
PN96_RS18175,gapdh
PN96_RS18185,dinf
PN96_RS18215,luxq
PN96_RS18220,slya
PN96_RS18245,lrp
PN96_RS18270,secd
PN96_RS18275,secf
PN96_RS18280,rhtb
PN96_RS18285,phbb
PN96_RS18290,acat
PN96_RS18300,phac
PN96_RS18310,napc
PN96_RS18315,napb
PN96_RS18320,napa
PN96_RS18325,napd
PN96_RS18330,napf
PN96_RS18335,narq
PN96_RS18340,narp
PN96_RS18355,pept
PN96_RS18360,comeb
PN96_RS18365,acra
PN96_RS18370,acrb
PN96_RS18375,mcp
PN96_RS18380,yaej
PN96_RS18405,aer
PN96_RS18435,tst
PN96_RS18445,moeb
PN96_RS18450,moea
PN96_RS18465,clca
PN96_RS18485,nnr
PN96_RS18490,guac
PN96_RS18555,pcar
PN96_RS18560,pcad
PN96_RS18565,pcaf
PN96_RS18570,gctb
PN96_RS18575,gcta
PN96_RS18580,benm
PN96_RS18585,catb
PN96_RS18590,catc
PN96_RS18595,cata
PN96_RS18600,xylx
PN96_RS18605,xyly
PN96_RS18610,xylz
PN96_RS18615,xyll
PN96_RS18620,benk
PN96_RS18625,abgr
PN96_RS18630,hipo
PN96_RS18650,nhac
PN96_RS18685,lhgo
PN96_RS18690,csid
PN96_RS18715,mrcb
PN96_RS18725,ligc
PN96_RS18755,mdcf
PN96_RS18765,aroq
PN96_RS18770,qsud
PN96_RS18775,ligj
PN96_RS18780,ligk
PN96_RS18785,gald
PN96_RS18790,ligi
PN96_RS18795,liga
PN96_RS18800,ligb
PN96_RS18805,yclq
PN96_RS18830,poba
PN96_RS18835,pobr
PN96_RS18870,lapb
PN96_RS18875,lapb
PN96_RS18880,lapc
PN96_RS18905,paaz
PN96_RS18910,paaa
PN96_RS18915,paab
PN96_RS18920,paac
PN96_RS18925,paad
PN96_RS18930,paae
PN96_RS18935,paaf
PN96_RS18940,paag
PN96_RS18945,paah
PN96_RS18950,paai
PN96_RS18955,paaj
PN96_RS18960,paak
PN96_RS18965,paax
PN96_RS18970,paay
PN96_RS19000,catb
PN96_RS19035,guad
PN96_RS19050,ltnd
PN96_RS19055,otnk
PN96_RS19060,otnc
PN96_RS19065,otni
PN96_RS19095,pfla
PN96_RS19125,ynfm
PN96_RS19130,eama
PN96_RS19145,fixb
PN96_RS19150,fixa
PN96_RS19155,etfdh
PN96_RS19160,livg
PN96_RS19165,acsl
PN96_RS19170,livh
PN96_RS19175,livm
PN96_RS19180,livk
PN96_RS19185,livf
PN96_RS19205,cyc
PN96_RS19245,dgcn
PN96_RS19250,ycjg
PN96_RS19260,mete
PN96_RS19270,slya
PN96_RS19280,hmgcl
PN96_RS19290,liuc
PN96_RS19300,ivd
PN96_RS19310,acat
PN96_RS19315,mmsa
PN96_RS19335,hibadh
PN96_RS19340,fabg
PN96_RS19345,beti
PN96_RS19350,betb
PN96_RS19355,beta
PN96_RS19360,prox
PN96_RS19365,prow
PN96_RS19370,prov
PN96_RS19380,nfed
PN96_RS19405,narl
PN96_RS19420,nird
PN96_RS19425,nirb
PN96_RS19430,cysg
PN96_RS19435,nasc
PN96_RS19440,nifh
PN96_RS19445,nifd
PN96_RS19450,nifk
PN96_RS19455,nift
PN96_RS19470,nife
PN96_RS19475,nifn
PN96_RS19480,nifx
PN96_RS19495,iscs
PN96_RS19500,nifv
PN96_RS19510,nifz
PN96_RS19515,ppic
PN96_RS19520,moda
PN96_RS19525,modb
PN96_RS19530,modc
PN96_RS19535,rard
PN96_RS19555,idnk
PN96_RS19575,leue
PN96_RS19590,cspa
PN96_RS19595,nifq
PN96_RS19605,nifb
PN96_RS19610,nifa
PN96_RS19615,nifl
PN96_RS19620,rnfa
PN96_RS19625,rnfb
PN96_RS19630,rnfc
PN96_RS19635,rnfd
PN96_RS19640,rnfg
PN96_RS19645,rnfe
PN96_RS19655,flda
PN96_RS19675,nodt
PN96_RS19680,acrb
PN96_RS19685,acra
PN96_RS19690,bcr
PN96_RS19705,mdcf
PN96_RS19710,lict
PN96_RS19715,bglf
PN96_RS19725,mqo
PN96_RS19730,aspa
PN96_RS19735,putp
PN96_RS19745,puta
PN96_RS19780,amab
PN96_RS19805,amaa
PN96_RS19810,nhac
PN96_RS19825,lhpa
PN96_RS19830,lhpb
PN96_RS19835,nhac
PN96_RS19840,dapa
PN96_RS19845,puuc
PN96_RS19850,ynfm
PN96_RS19865,lrp
PN96_RS19870,leua
PN96_RS19875,proc
PN96_RS19890,soxr
PN96_RS19900,int
PN96_RS19945,mbaa
PN96_RS19950,rbsd
PN96_RS19955,rbsa
PN96_RS19960,rbsc
PN96_RS19965,rbsb
PN96_RS19970,rbsk
PN96_RS19975,galr
PN96_RS19985,cuer
PN96_RS20005,held
PN96_RS20010,mgsa
PN96_RS20015,tort
PN96_RS20020,tors
PN96_RS20040,atsa
PN96_RS20045,atsb
PN96_RS20050,moxr
PN96_RS20065,yfbk
PN96_RS20070,yfbk
PN96_RS20095,oxlt
PN96_RS20110,lema
PN96_RS20120,scd
PN96_RS20130,cqss
PN96_RS20135,rbga
PN96_RS20140,evgs
PN96_RS20150,evga
PN96_RS20165,fimz
PN96_RS20200,nudb
PN96_RS20205,riml
PN96_RS20225,dpia
PN96_RS20230,prdx
PN96_RS20235,mgsc
PN96_RS20240,katg
PN96_RS20285,narl
PN96_RS20295,pct
PN96_RS20300,fabg
PN96_RS20350,pvdq
PN96_RS20365,baes
PN96_RS20370,baer
PN96_RS20380,ohrr
PN96_RS20390,sbcd
PN96_RS20395,sbcc
PN96_RS20420,qorb
PN96_RS20430,yiam
PN96_RS20440,dctp
PN96_RS20445,ooxb
PN96_RS20455,ooxa
PN96_RS20470,apod
PN96_RS20485,ltae
PN96_RS20490,nudf
PN96_RS20495,moxr
PN96_RS20515,dld
PN96_RS20520,azld
PN96_RS20525,azlc
PN96_RS20590,rnk
PN96_RS20595,nirb
PN96_RS20600,nird
PN96_RS20605,fdhc
PN96_RS20610,coba
PN96_RS20625,dcub
PN96_RS20650,trxc
PN96_RS20655,fabh
PN96_RS20670,hmgcr
PN96_RS20675,fdhd
PN96_RS20735,nrdd
PN96_RS20740,nrdg
PN96_RS20745,dinf
PN96_RS20755,aspc
PN96_RS20770,cobq
PN96_RS20775,moda
PN96_RS20780,modb
PN96_RS20785,modc
PN96_RS20820,pnta
PN96_RS20825,pntb
PN96_RS20885,ddl
PN96_RS20895,yfiq
PN96_RS20905,gale
PN96_RS20915,pxpa
PN96_RS20945,tesa
PN96_RS20950,fabv
PN96_RS20955,cdgc
PN96_RS20975,yjdf
PN96_RS20980,cuta
PN96_RS20990,sgrr
PN96_RS21000,meni
PN96_RS21010,yydh
PN96_RS21015,fadl
PN96_RS21025,phna
PN96_RS21045,ybjd
PN96_RS21060,foca
PN96_RS21090,rhle
PN96_RS21095,acph
PN96_RS21100,mcp
PN96_RS21120,crea
PN96_RS21125,gsk
PN96_RS21130,fhs
PN96_RS21135,glgc
PN96_RS21140,endo
PN96_RS21150,yqhd
PN96_RS21180,rlba
PN96_RS21195,frub
PN96_RS21200,fruk
PN96_RS21205,frua
PN96_RS21230,gcvt
PN96_RS21240,glya
PN96_RS21245,gcvh
PN96_RS21250,gldc
PN96_RS21305,aotj
PN96_RS21315,sdac
PN96_RS21340,pcca
PN96_RS21345,yegd
PN96_RS21360,bckdha
PN96_RS21365,bckdhb
PN96_RS21370,dbt
PN96_RS21375,etfdh
PN96_RS21385,glcr
PN96_RS21415,bkda
PN96_RS21420,dlat
PN96_RS21425,acpp
PN96_RS21430,pps
PN96_RS21455,pcah
PN96_RS21460,apre
PN96_RS21500,laci
PN96_RS21575,mdo
PN96_RS21590,thpr
PN96_RS21600,artm
PN96_RS21605,artq
PN96_RS21610,arti
PN96_RS21615,artp
PN96_RS21625,katg
PN96_RS21655,arcd
PN96_RS21665,nema
PN96_RS21680,opud
PN96_RS21685,dpep
PN96_RS21690,xyla
PN96_RS21695,rida
PN96_RS21710,cyod
PN96_RS21715,cyoc
PN96_RS21720,cyob
PN96_RS21725,cyoa
PN96_RS21730,fabg
PN96_RS21735,hibadh
PN96_RS21755,mmsa
PN96_RS21760,acat
PN96_RS21770,ivd
PN96_RS21780,liuc
PN96_RS21785,hmgcl
PN96_RS21800,mcp
PN96_RS21805,acka
PN96_RS21815,dead
PN96_RS21825,fuca
PN96_RS21830,fuck
PN96_RS21835,fuci
PN96_RS21840,fucr
PN96_RS21845,mnhg
PN96_RS21850,mnhf
PN96_RS21855,mnhe
PN96_RS21860,mnhd
PN96_RS21865,mnhc
PN96_RS21870,mnha
PN96_RS21885,rnb
PN96_RS21895,psts
PN96_RS21915,int
PN96_RS21960,pgd
PN96_RS21970,mioc
PN96_RS21975,fpr
PN96_RS22015,frma
PN96_RS22050,iolh
PN96_RS22065,trxb
PN96_RS22070,txn
PN96_RS22075,txn
PN96_RS22095,dld
PN96_RS22110,arcc
PN96_RS22130,pbug
PN96_RS22155,cusr
PN96_RS22170,allp
PN96_RS22225,pdxk
PN96_RS22240,mscm
PN96_RS22245,linn
PN96_RS22250,mlad
PN96_RS22255,mlaf
PN96_RS22260,mlae
PN96_RS22305,pta
PN96_RS22315,cyc
PN96_RS22335,tauy
PN96_RS22340,taux
PN96_RS22355,xsc
PN96_RS22360,cobs
PN96_RS22365,cobt
PN96_RS22370,hxpb
PN96_RS22380,xylb
PN96_RS22385,dald
PN96_RS22415,patb
PN96_RS22435,galk
PN96_RS22440,galt
PN96_RS22445,gale
PN96_RS22450,yahk
PN96_RS22455,gbdr
PN96_RS22465,puru
PN96_RS22470,soxg
PN96_RS22475,soxa
PN96_RS22480,soxd
PN96_RS22485,soxb
PN96_RS22490,glya
PN96_RS22495,gbcb
PN96_RS22500,gbca
PN96_RS22505,gabt
PN96_RS22530,gabd
PN96_RS22535,baur
PN96_RS22630,atpi
PN96_RS22660,etfb
PN96_RS22665,etfa
PN96_RS22670,dgcb
PN96_RS22675,dgca
PN96_RS22685,dpep
PN96_RS22690,gbdr
PN96_RS22705,glk
PN96_RS22720,modf
PN96_RS22750,pcp
PN96_RS22760,trpb
PN96_RS22785,pcbd
PN96_RS22790,phha
PN96_RS22795,aacs
PN96_RS22825,yiay
PN96_RS22830,ylii
PN96_RS22840,dps
PN96_RS22845,mcp
PN96_RS22880,cspa
PN96_RS22940,coxc
PN96_RS22950,coxa
PN96_RS22955,coxb
PN96_RS22960,manb
PN96_RS22975,azlc
PN96_RS22980,azld
PN96_RS23015,mepm
PN96_RS23040,mcp
PN96_RS23050,tyrp
PN96_RS23110,fdog
PN96_RS23125,cusb
PN96_RS23130,cusa
PN96_RS23145,penp
PN96_RS23155,speg
PN96_RS23170,kefg
PN96_RS23175,kefb
PN96_RS23185,bglx
PN96_RS23195,amy
PN96_RS23200,yqhd
PN96_RS23215,gabt
PN96_RS23220,gabd
PN96_RS23255,nhap
PN96_RS23260,alr
PN96_RS23265,dgcn
PN96_RS23270,ycjg
PN96_RS23275,dat
PN96_RS23290,nema
PN96_RS23300,fdha
PN96_RS23335,ppic
PN96_RS23340,chev
PN96_RS23345,hutz
PN96_RS23380,nadd
PN96_RS23385,nade
PN96_RS23415,dnaq
PN96_RS23430,bac
PN96_RS23485,etha
PN96_RS23505,pxpa
PN96_RS23535,tyrb
PN96_RS23635,malg
PN96_RS23640,malf
PN96_RS23645,male
PN96_RS00040,pssa
PN96_RS00050,murb
PN96_RS00055,bira
PN96_RS00060,coaa
PN96_RS00085,tuf
PN96_RS00090,sece
PN96_RS00095,nusg
PN96_RS00120,rpob
PN96_RS00125,rpoc
PN96_RS00130,rsd
PN96_RS00140,heme
PN96_RS00160,tlyc
PN96_RS00165,hupa
PN96_RS00175,purd
PN96_RS00180,purh
PN96_RS00190,zntr
PN96_RS00195,cadc
PN96_RS00260,nhap
PN96_RS00265,meth
PN96_RS00270,lysc
PN96_RS00280,agxt
PN96_RS00290,uvra
PN96_RS00305,ssb
PN96_RS00310,csrd
PN96_RS00315,mshi
PN96_RS00320,mshj
PN96_RS00325,mshk
PN96_RS00330,mshl
PN96_RS00335,mshm
PN96_RS00340,mshn
PN96_RS00345,mshe
PN96_RS00350,mshg
PN96_RS00355,mshf
PN96_RS00360,msha
PN96_RS00370,mshc
PN96_RS00375,mshd
PN96_RS00380,msho
PN96_RS00385,mshp
PN96_RS00390,mshq
PN96_RS00395,mreb
PN96_RS00400,mrec
PN96_RS00405,mred
PN96_RS00410,yhde
PN96_RS00415,rng
PN96_RS00430,tldd
PN96_RS00440,hepa
PN96_RS00450,rlua
PN96_RS00455,hpra
PN96_RS00460,yjga
PN96_RS00465,pmba
PN96_RS00470,mgte
PN96_RS00475,ptso
PN96_RS00480,rapz
PN96_RS00485,ptsn
PN96_RS00490,hpf
PN96_RS00495,rpon
PN96_RS00500,lptb
PN96_RS00505,lpta
PN96_RS00510,lptc
PN96_RS00515,kdsd
PN96_RS00520,yrbg
PN96_RS00525,mlaf
PN96_RS00530,mlae
PN96_RS00535,mlad
PN96_RS00540,mlac
PN96_RS00545,mlab
PN96_RS00555,mura
PN96_RS00560,plsc
PN96_RS00565,rida
PN96_RS00570,pyri
PN96_RS00575,pyrb
PN96_RS00585,otc
PN96_RS00590,arca
PN96_RS00595,rrab
PN96_RS00615,vars
PN96_RS00620,holc
PN96_RS00625,carp
PN96_RS00630,lptf
PN96_RS00635,lptg
PN96_RS00745,mcp
PN96_RS00785,mltc
PN96_RS00795,muty
PN96_RS00800,trmb
PN96_RS00810,glsa
PN96_RS00820,rdgb
PN96_RS00835,yggt
PN96_RS00840,proc
PN96_RS00845,yggs
PN96_RS00850,pilt
PN96_RS00855,pilu
PN96_RS00860,ruvx
PN96_RS00865,algh
PN96_RS00875,gshb
PN96_RS00880,rsme
PN96_RS00885,enda
PN96_RS00890,sprt
PN96_RS00900,metk
PN96_RS00915,epd
PN96_RS00920,pgk
PN96_RS00925,fba
PN96_RS00930,mscs
PN96_RS00935,lyse
PN96_RS00940,icia
PN96_RS00950,sera
PN96_RS00955,rpia
PN96_RS00960,mthfs
PN96_RS00970,zapa
PN96_RS00980,ubih
PN96_RS00985,ubii
PN96_RS01000,ygfz
PN96_RS01005,cptb
PN96_RS01015,nadb
PN96_RS01020,rpoe
PN96_RS01025,rsea
PN96_RS01030,rseb
PN96_RS01035,rsec
PN96_RS01040,lepa
PN96_RS01045,lepb
PN96_RS01050,rnc
PN96_RS01055,era
PN96_RS01060,reco
PN96_RS01065,pdxj
PN96_RS01070,acps
PN96_RS01075,bara
PN96_RS01085,ruma
PN96_RS01090,rela
PN96_RS01095,mazg
PN96_RS01100,pyrg
PN96_RS01110,ftsb
PN96_RS01115,ispd
PN96_RS01120,ispf
PN96_RS01125,trud
PN96_RS01130,sure
PN96_RS01140,nlpd
PN96_RS01145,rpos
PN96_RS01150,muts
PN96_RS01155,pncc
PN96_RS01160,reca
PN96_RS01165,recx
PN96_RS01170,aars
PN96_RS01175,lysc
PN96_RS01180,csra
PN96_RS01235,oadg
PN96_RS01240,oada
PN96_RS01245,madb
PN96_RS01250,qor
PN96_RS01260,pqql
PN96_RS01265,gsha
PN96_RS01275,luxs
PN96_RS01280,tlyc
PN96_RS01300,rimm
PN96_RS01305,trmd
PN96_RS01320,zapd
PN96_RS01325,coae
PN96_RS01330,pild
PN96_RS01335,pilc
PN96_RS01340,pilb
PN96_RS01345,pila
PN96_RS01350,nadc
PN96_RS01355,ampd
PN96_RS01360,pdhr
PN96_RS01365,acee
PN96_RS01370,dlat
PN96_RS01375,dld
PN96_RS01380,hapr
PN96_RS01385,hprt
PN96_RS01390,cynt
PN96_RS01410,panc
PN96_RS01415,panb
PN96_RS01420,folk
PN96_RS01425,pcnb
PN96_RS01430,gluq
PN96_RS01435,dksa
PN96_RS01440,sfsa
PN96_RS01445,hrpb
PN96_RS01450,mrcb
PN96_RS01460,acnb
PN96_RS01465,glxk
PN96_RS01475,cdar
PN96_RS01485,glnk
PN96_RS01490,amt
PN96_RS01495,afua
PN96_RS01500,afub
PN96_RS01505,afuc
PN96_RS01515,chbp
PN96_RS01520,hexa
PN96_RS01525,gspk
PN96_RS01535,ddpf
PN96_RS01540,ddpd
PN96_RS01560,chis
PN96_RS01570,rsmc
PN96_RS01580,heml
PN96_RS01585,erpa
PN96_RS01590,vexe
PN96_RS01595,vexf
PN96_RS01605,yars
PN96_RS01615,dacb
PN96_RS01620,ompu
PN96_RS01625,grea
PN96_RS01630,yhby
PN96_RS01635,rlme
PN96_RS01640,ftsh
PN96_RS01645,folp
PN96_RS01650,glmm
PN96_RS01655,secg
PN96_RS01670,rimp
PN96_RS01675,nusa
PN96_RS01680,infb
PN96_RS01685,rbfa
PN96_RS01690,trub
PN96_RS01700,pnp
PN96_RS01705,nlpi
PN96_RS01710,dinf
PN96_RS01715,ubiv
PN96_RS01720,ubiu
PN96_RS01725,rocs
PN96_RS01730,ubit
PN96_RS01735,yhbs
PN96_RS01740,hold
PN96_RS01745,rimi
PN96_RS01750,prfc
PN96_RS01760,tatd
PN96_RS01770,deoc
PN96_RS01775,deoa
PN96_RS01780,deob
PN96_RS01785,deod
PN96_RS01790,smp
PN96_RS01795,serb
PN96_RS01805,rada
PN96_RS01810,fusa
PN96_RS24120,flp
PN96_RS01835,cpaa
PN96_RS01845,cpab
PN96_RS01850,cpac
PN96_RS01875,cpae
PN96_RS01880,cpaf
PN96_RS01885,tadb
PN96_RS01890,tadc
PN96_RS01900,gtrb
PN96_RS01930,chra
PN96_RS01940,ebgr
PN96_RS01945,galr
PN96_RS01965,zntb
PN96_RS01970,glpa
PN96_RS01975,glpr
PN96_RS01980,glpk
PN96_RS01985,glpf
PN96_RS01990,glpt
PN96_RS02000,dapd
PN96_RS02030,recc
PN96_RS02040,recb
PN96_RS02045,recd
PN96_RS02050,argab
PN96_RS02060,mlta
PN96_RS02065,tcda
PN96_RS02070,sufe
PN96_RS02080,csda
PN96_RS02085,thij
PN96_RS02090,pane
PN96_RS02095,tsx
PN96_RS02110,rpoe
PN96_RS02115,chrr
PN96_RS02120,ampg
PN96_RS02125,ppia
PN96_RS02130,yajg
PN96_RS02135,rlmg
PN96_RS02140,bola
PN96_RS02145,nqra
PN96_RS02150,nqrb
PN96_RS02155,nqrc
PN96_RS02160,nqrd
PN96_RS02165,nqre
PN96_RS02170,nqrf
PN96_RS02175,apbe
PN96_RS02190,dinb
PN96_RS02195,recq
PN96_RS02225,pars
PN96_RS02230,trmo
PN96_RS02245,abgt
PN96_RS02280,truc
PN96_RS02290,glnd
PN96_RS02295,map
PN96_RS02305,tsf
PN96_RS02310,pyrh
PN96_RS02315,frr
PN96_RS02320,upps
PN96_RS02330,dxr
PN96_RS02335,rsep
PN96_RS02345,hlpa
PN96_RS02350,lpxd
PN96_RS02355,fabz
PN96_RS02360,lpxa
PN96_RS02365,lpxb
PN96_RS02370,rnhb
PN96_RS02375,dnae
PN96_RS02380,acca
PN96_RS02385,tils
PN96_RS02395,glnb
PN96_RS02410,mltd
PN96_RS02415,glob
PN96_RS02425,rnha
PN96_RS02430,dnaq
PN96_RS02445,fade
PN96_RS02450,gmha
PN96_RS02460,purn
PN96_RS02465,purm
PN96_RS02470,upp
PN96_RS02475,uraa
PN96_RS24125,wrba
PN96_RS24130,arsc
PN96_RS02500,bepa
PN96_RS02510,perm
PN96_RS02515,bcp
PN96_RS02520,gcvr
PN96_RS02525,dapa
PN96_RS02530,bamc
PN96_RS02545,dape
PN96_RS02575,yfex
PN96_RS02580,flic
PN96_RS02585,flic
PN96_RS02590,flic
PN96_RS02595,flag
PN96_RS02600,flid
PN96_RS02605,flai
PN96_RS02610,flis
PN96_RS02620,flra
PN96_RS02625,flrb
PN96_RS02630,flrc
PN96_RS02635,flie
PN96_RS02640,flif
PN96_RS02645,flig
PN96_RS02650,flih
PN96_RS02655,flii
PN96_RS02660,flij
PN96_RS02665,flik
PN96_RS02670,flil
PN96_RS02675,flim
PN96_RS02680,flin
PN96_RS02685,flio
PN96_RS02690,flip
PN96_RS02695,fliq
PN96_RS02700,flir
PN96_RS02705,flhb
PN96_RS02710,flha
PN96_RS02715,flhf
PN96_RS02720,flhg
PN96_RS02725,flia
PN96_RS02730,chey
PN96_RS02735,chez
PN96_RS02740,chea
PN96_RS02745,cheb
PN96_RS02750,para
PN96_RS02755,chew
PN96_RS02760,chew
PN96_RS02770,ccma
PN96_RS02775,ccmb
PN96_RS02780,ccmc
PN96_RS02785,ccmd
PN96_RS02790,ccme
PN96_RS02795,ccmf
PN96_RS02800,ccmg
PN96_RS02805,ccmh
PN96_RS02815,mlaa
PN96_RS02820,fadl
PN96_RS02825,fadl
PN96_RS02835,rpoe
PN96_RS02845,fada
PN96_RS02850,fadj
PN96_RS02865,sixa
PN96_RS02875,prmb
PN96_RS02880,aroc
PN96_RS02890,epmc
PN96_RS02910,mnmc
PN96_RS02915,fabb
PN96_RS02925,fuca
PN96_RS02935,fucr
PN96_RS02940,fuca
PN96_RS02950,pdxb
PN96_RS02955,asd
PN96_RS02960,fimv
PN96_RS02965,trua
PN96_RS02970,accd
PN96_RS02975,folc
PN96_RS02980,dedd
PN96_RS02985,cvpa
PN96_RS02990,purf
PN96_RS02995,aphb
PN96_RS03010,aprt
PN96_RS03015,dnax
PN96_RS03020,ebfc
PN96_RS03025,recr
PN96_RS03030,aqpz
PN96_RS03050,mscs
PN96_RS03080,gapdh
PN96_RS03085,msrb
PN96_RS03105,sppa
PN96_RS03110,fadh
PN96_RS03120,topb
PN96_RS03150,cangl
PN96_RS03160,fece
PN96_RS03165,fecd
PN96_RS03170,fecc
PN96_RS03180,fecb
PN96_RS03200,ndpa
PN96_RS03215,nhac
PN96_RS03220,asd
PN96_RS03225,kch
PN96_RS03235,adhe
PN96_RS03255,grxd
PN96_RS03265,yuif
PN96_RS03270,rnt
PN96_RS03275,moty
PN96_RS03295,rnfe
PN96_RS03300,rnfg
PN96_RS03305,rnfd
PN96_RS03310,rnfc
PN96_RS03315,rnfb
PN96_RS03320,rnfa
PN96_RS03330,uvrb
PN96_RS03335,luxo
PN96_RS03340,luxu
PN96_RS03350,moaa
PN96_RS03355,moab
PN96_RS03360,moac
PN96_RS03365,moad
PN96_RS03375,oppa
PN96_RS03385,oppc
PN96_RS03390,oppd
PN96_RS03395,oppf
PN96_RS03410,pta
PN96_RS03415,acka
PN96_RS03440,malz
PN96_RS03445,cdgk
PN96_RS03450,dusc
PN96_RS03460,dsbb
PN96_RS03465,nhab
PN96_RS03470,fadr
PN96_RS03480,mars
PN96_RS03485,mrp
PN96_RS03490,udk
PN96_RS03495,asma
PN96_RS03500,coba
PN96_RS03505,wzb
PN96_RS03515,rne
PN96_RS03520,rluc
PN96_RS03525,ycef
PN96_RS03530,yced
PN96_RS03540,plsx
PN96_RS03545,fabh
PN96_RS03550,fabd
PN96_RS03555,fabg
PN96_RS03560,acpp
PN96_RS03565,fabf
PN96_RS03570,pabc
PN96_RS03575,mltg
PN96_RS03580,tmk
PN96_RS03585,holb
PN96_RS03590,tatd
PN96_RS03595,malx
PN96_RS03605,ptsg
PN96_RS03630,pk
PN96_RS03635,mlc
PN96_RS03645,imub
PN96_RS03650,imua
PN96_RS03660,sohb
PN96_RS03665,cmk
PN96_RS03675,ihfb
PN96_RS03680,lapa
PN96_RS03685,lapb
PN96_RS03690,pyrf
PN96_RS03695,yeja
PN96_RS03705,gae
PN96_RS03730,pqib
PN96_RS03735,pqia
PN96_RS03740,tsda
PN96_RS03750,ttra
PN96_RS03755,ttrc
PN96_RS03760,ttrb
PN96_RS03765,ttrs
PN96_RS03770,ttrr
PN96_RS03810,rimk
PN96_RS03820,scsb
PN96_RS03890,metr
PN96_RS03895,mete
PN96_RS03910,ycia
PN96_RS03915,ispz
PN96_RS03925,luxn
PN96_RS03940,acsl
PN96_RS03945,crp
PN96_RS03950,trpa
PN96_RS03955,trpb
PN96_RS03960,trpcf
PN96_RS03965,trpd
PN96_RS03970,trpg
PN96_RS03975,trpe
PN96_RS04000,rlub
PN96_RS04010,efp
PN96_RS04020,polb
PN96_RS04025,uvry
PN96_RS04030,uvrc
PN96_RS04065,ectb
PN96_RS04070,cansdh
PN96_RS04075,nspc
PN96_RS04095,aefr
PN96_RS04110,yfae
PN96_RS04130,ubig
PN96_RS04135,gyra
PN96_RS04140,riba
PN96_RS04165,ycbb
PN96_RS04175,glob
PN96_RS04210,narl
PN96_RS04225,mcp
PN96_RS04230,dnaq
PN96_RS04245,tyrb
PN96_RS04270,nars
PN96_RS04275,qued
PN96_RS04285,sdac
PN96_RS04295,pabb
PN96_RS04315,ycjf
PN96_RS04320,tyrr
PN96_RS04325,rimj
PN96_RS04340,int
PN96_RS24230,yhco
PN96_RS04645,hpaf
PN96_RS04660,csla
PN96_RS04690,epsf
PN96_RS04775,grxb
PN96_RS04790,iolc
PN96_RS04795,iold
PN96_RS04800,adhe
PN96_RS04805,iolc
PN96_RS04815,galr
PN96_RS04820,iolh
PN96_RS04825,xyle
PN96_RS04830,iolg
PN96_RS04835,iolb
PN96_RS04840,mgsa
PN96_RS04860,mmsa
PN96_RS04885,hexa
PN96_RS04995,phna
PN96_RS05005,hypt
PN96_RS05010,aapj
PN96_RS05015,aapq
PN96_RS05020,aapm
PN96_RS05025,aapp
PN96_RS05060,puua
PN96_RS05070,puur
PN96_RS05075,puuc
PN96_RS05080,puub
PN96_RS05085,agub
PN96_RS05090,agua
PN96_RS05095,gabd
PN96_RS05100,gabt
PN96_RS05145,pilf
PN96_RS05150,meta
PN96_RS05160,lpxl
PN96_RS05180,pane
PN96_RS05245,qsec
PN96_RS05250,qseb
PN96_RS05280,prox
PN96_RS05285,prow
PN96_RS05290,prov
PN96_RS05295,ecta
PN96_RS05300,ectb
PN96_RS05305,ectc
PN96_RS05310,lysc
PN96_RS05365,pgls
PN96_RS05370,pgd
PN96_RS05380,acor
PN96_RS05385,aldb
PN96_RS05400,tcta
PN96_RS05405,tctb
PN96_RS05410,tctc
PN96_RS05425,prpb
PN96_RS05430,prpc
PN96_RS05435,acnd
PN96_RS05440,prpf
PN96_RS05500,maa
PN96_RS05515,quee
PN96_RS05520,quec
PN96_RS05540,lape
PN96_RS05550,rlmi
PN96_RS05555,acyp
PN96_RS05560,tuse
PN96_RS05570,ycca
PN96_RS05575,aapp
PN96_RS05580,aapm
PN96_RS05585,aapq
PN96_RS05590,aapj
PN96_RS05600,sirc
PN96_RS05605,yajq
PN96_RS05630,rsmf
PN96_RS05640,pqia
PN96_RS05650,msrc
PN96_RS05655,proq
PN96_RS05670,pepn
PN96_RS05685,dhodh
PN96_RS05690,zapc
PN96_RS05695,rlmkl
PN96_RS05705,uup
PN96_RS05715,rmf
PN96_RS05720,faba
PN96_RS05725,lonh
PN96_RS05815,ccon
PN96_RS05820,ccoo
PN96_RS05825,ccoq
PN96_RS05830,ccop
PN96_RS05840,copb
PN96_RS05855,fnr
PN96_RS05860,uspe
PN96_RS05865,ttca
PN96_RS05880,pota
PN96_RS05885,potb
PN96_RS05890,potc
PN96_RS05895,potd
PN96_RS05900,potd
PN96_RS05905,cobb
PN96_RS05910,amt
PN96_RS05915,dinf
PN96_RS05935,fdoi
PN96_RS05940,fdoh
PN96_RS05945,fdog
PN96_RS05975,fdhd
PN96_RS05985,flgs
PN96_RS05995,tupa
PN96_RS06000,tupb
PN96_RS06005,tupc
PN96_RS06010,moba
PN96_RS06015,moea
PN96_RS06030,nagk
PN96_RS06055,mcp
PN96_RS06060,nlpc
PN96_RS06090,ribe
PN96_RS06095,norm
PN96_RS06105,lig
PN96_RS06130,hrpa
PN96_RS06135,acpd
PN96_RS06190,mdla
PN96_RS06195,mdlb
PN96_RS06215,tyrp
PN96_RS06230,chey
PN96_RS06245,urej
PN96_RS06250,ureg
PN96_RS06255,uref
PN96_RS06260,uree
PN96_RS06265,urec
PN96_RS06270,ureb
PN96_RS06275,urea
PN96_RS06280,ured
PN96_RS06285,urte
PN96_RS06290,urtd
PN96_RS06295,urtc
PN96_RS06300,urtb
PN96_RS06305,urta
PN96_RS06330,mhpr
PN96_RS06340,mhpe
PN96_RS06345,mhpf
PN96_RS06350,mhpd
PN96_RS06355,mhpc
PN96_RS06360,mhpb
PN96_RS06365,mhpa
PN96_RS06370,chra
PN96_RS06375,chra
PN96_RS06385,allc
PN96_RS06390,pucg
PN96_RS06395,ggt
PN96_RS06415,hpxa
PN96_RS06420,hpxb
PN96_RS06525,hcar
PN96_RS06530,hcae
PN96_RS06535,hcaf
PN96_RS06540,hcac
PN96_RS06545,hcab
PN96_RS06550,hcad
PN96_RS06560,mqo
PN96_RS06570,nlpi
PN96_RS06590,rlpa
PN96_RS06595,rhtb
PN96_RS06615,panf
PN96_RS06620,lamb
PN96_RS06630,bglf
PN96_RS06650,rbsb
PN96_RS06655,arah
PN96_RS06660,yphd
PN96_RS06665,rbsa
PN96_RS06670,rocf
PN96_RS06680,qor
PN96_RS06705,rocf
PN96_RS06715,ydhp
PN96_RS06760,maia
PN96_RS06765,faah
PN96_RS06770,hgd
PN96_RS06775,hpd
PN96_RS06780,pept
PN96_RS06835,yiac
PN96_RS06855,rlmf
PN96_RS06860,upp
PN96_RS06875,ynfm
PN96_RS06890,btud
PN96_RS06895,btuc
PN96_RS06900,aste
PN96_RS06905,pepf
PN96_RS06910,cobc
PN96_RS06915,cobp
PN96_RS07115,dnac
PN96_RS07190,sbcb
PN96_RS07195,cida
PN96_RS07205,cdd
PN96_RS07210,purt
PN96_RS07215,tpmt
PN96_RS07225,ihfa
PN96_RS07230,mlep
PN96_RS07235,scrr
PN96_RS07250,inv
PN96_RS07255,farsb
PN96_RS07260,farsa
PN96_RS07280,infc
PN96_RS07285,tars
PN96_RS07300,hutc
PN96_RS07305,huti
PN96_RS07310,hutg
PN96_RS07325,doda
PN96_RS07340,ydij
PN96_RS07370,sula
PN96_RS07375,purc
PN96_RS07380,phod
PN96_RS07400,sana
PN96_RS07425,trxb
PN96_RS07430,cydd
PN96_RS07435,cydc
PN96_RS07440,dsda
PN96_RS07445,serc
PN96_RS07470,tfox
PN96_RS07490,panp
PN96_RS07495,hexr
PN96_RS07505,grxa
PN96_RS07515,fabv
PN96_RS07520,fade
PN96_RS07530,nhaa
PN96_RS07550,dinf
PN96_RS07565,fcca
PN96_RS07590,bcr
PN96_RS07595,rsua
PN96_RS07600,radd
PN96_RS07630,usha
PN96_RS07645,hslj
PN96_RS07650,ynjb
PN96_RS07655,ynjc
PN96_RS07660,ynjd
PN96_RS07670,slyb
PN96_RS07675,norr
PN96_RS07680,hcp
PN96_RS07685,hcr
PN96_RS07690,rlmi
PN96_RS07695,rlua
PN96_RS07705,clsa
PN96_RS07710,metc
PN96_RS07715,tag
PN96_RS07735,pspc
PN96_RS07740,pspb
PN96_RS07745,pspa
PN96_RS07750,pspf
PN96_RS07755,sapa
PN96_RS07760,sapb
PN96_RS07765,sapc
PN96_RS07770,sapd
PN96_RS07775,sapf
PN96_RS07785,ppac
PN96_RS07800,tora
PN96_RS07805,torc
PN96_RS07810,nape
PN96_RS07820,foca
PN96_RS07840,tdk
PN96_RS07845,cars
PN96_RS07850,ppib
PN96_RS07855,lpxh
PN96_RS07870,hisie
PN96_RS07875,hisf
PN96_RS07880,hisa
PN96_RS07885,hish
PN96_RS07890,hisb
PN96_RS07895,hisc
PN96_RS07900,hisd
PN96_RS07905,hisg
PN96_RS07910,txr
PN96_RS07925,hns
PN96_RS07930,gsk
PN96_RS07940,mnma
PN96_RS07945,hfld
PN96_RS07950,purb
PN96_RS07970,cfa
PN96_RS07995,htpx
PN96_RS08000,biod
PN96_RS08005,bioc
PN96_RS08010,biof
PN96_RS08015,biob
PN96_RS08020,bioa
PN96_RS08025,sars
PN96_RS08030,ycaj
PN96_RS08035,lola
PN96_RS08040,ftsk
PN96_RS08045,lrp
PN96_RS08050,ald
PN96_RS08060,cysb
PN96_RS08070,miae
PN96_RS08075,mdcf
PN96_RS08085,acrb
PN96_RS08090,acra
PN96_RS08095,bene
PN96_RS08100,sutr
PN96_RS08105,mdch
PN96_RS08110,mdcg
PN96_RS08115,mdce
PN96_RS08120,mdcd
PN96_RS08125,mdcb
PN96_RS08130,mdca
PN96_RS08135,mdcr
PN96_RS08195,pcca
PN96_RS08215,kch
PN96_RS08220,nada
PN96_RS08230,pal
PN96_RS08235,tolb
PN96_RS08240,tola
PN96_RS08245,tolr
PN96_RS08250,tolq
PN96_RS08255,ybgc
PN96_RS08265,cydx
PN96_RS08270,cydb
PN96_RS08275,cyda
PN96_RS08280,ruvb
PN96_RS08285,ruva
PN96_RS08290,ruvc
PN96_RS08305,cmoa
PN96_RS08310,cmob
PN96_RS08345,mukb
PN96_RS08350,muke
PN96_RS08355,mukf
PN96_RS08360,smta
PN96_RS08370,torr
PN96_RS08375,tord
PN96_RS08380,purr
PN96_RS08385,tfox
PN96_RS08405,glga
PN96_RS08410,glgc
PN96_RS08415,topa
PN96_RS08425,aroa
PN96_RS08430,slyb
PN96_RS08435,aat
PN96_RS08440,bpt
PN96_RS08445,infa
PN96_RS08450,clpa
PN96_RS08455,clps
PN96_RS08460,cspa
PN96_RS08470,rlue
PN96_RS08485,ding
PN96_RS08495,pric
PN96_RS08510,cida
PN96_RS08530,aotm
PN96_RS08535,aotq
PN96_RS08540,aotj
PN96_RS08545,aotp
PN96_RS08565,lpxr
PN96_RS08570,pfla
PN96_RS08585,prka
PN96_RS08595,spovr
PN96_RS08600,kdsb
PN96_RS08610,lpxk
PN96_RS08615,msba
PN96_RS08620,comec
PN96_RS08630,lolc
PN96_RS08635,lold
PN96_RS08640,lolc
PN96_RS08650,mfd
PN96_RS08665,ndh
PN96_RS08700,mcp
PN96_RS08710,udp
PN96_RS08715,znta
PN96_RS08730,fdxa
PN96_RS08735,spou
PN96_RS08745,kaub
PN96_RS08755,poti
PN96_RS08760,poth
PN96_RS08765,potg
PN96_RS08770,potf
PN96_RS08775,spuc
PN96_RS08780,glna
PN96_RS08785,glna
PN96_RS08790,puub
PN96_RS08800,dsdc
PN96_RS08915,ybaz
PN96_RS08925,tesb
PN96_RS08930,decr
PN96_RS08935,cysk
PN96_RS08950,acra
PN96_RS09005,mene
PN96_RS09010,menc
PN96_RS09015,menb
PN96_RS09020,menh
PN96_RS09025,mend
PN96_RS09030,menf
PN96_RS09035,alaa
PN96_RS09040,yfbr
PN96_RS09045,dgt
PN96_RS09060,comea
PN96_RS09065,ppid
PN96_RS09070,hupb
PN96_RS09075,lon
PN96_RS09080,clpx
PN96_RS09085,clpp
PN96_RS09090,tig
PN96_RS09100,dctb
PN96_RS09105,dctd
PN96_RS09115,dctm
PN96_RS09120,dctq
PN96_RS09125,dctp
PN96_RS09130,msmx
PN96_RS09135,gtsc
PN96_RS09140,gtsb
PN96_RS09145,gtsa
PN96_RS09160,selenoo
PN96_RS09170,trkh
PN96_RS09175,trka
PN96_RS09180,rhle
PN96_RS09185,tlyc
PN96_RS09195,entd
PN96_RS09205,entf
PN96_RS09210,entb
PN96_RS09215,ente
PN96_RS09220,entc
PN96_RS09230,enta
PN96_RS09240,fold
PN96_RS09255,mltb
PN96_RS09265,minc
PN96_RS09270,mind
PN96_RS09275,mine
PN96_RS09280,rnd
PN96_RS09285,acsl
PN96_RS09295,slp
PN96_RS09305,tsab
PN96_RS09310,ding
PN96_RS09315,puru
PN96_RS09335,rars
PN96_RS09345,feoc
PN96_RS09350,feob
PN96_RS09355,feoa
PN96_RS09360,tfos
PN96_RS09365,znua
PN96_RS09370,znuc
PN96_RS09375,znub
PN96_RS09380,sucd
PN96_RS09385,succ
PN96_RS09390,dlst
PN96_RS09395,ogdh
PN96_RS09400,sdhb
PN96_RS09405,sdha
PN96_RS09410,sdhd
PN96_RS09415,sdhc
PN96_RS09420,cs
PN96_RS09435,pgm
PN96_RS09440,seqa
PN96_RS09445,ybff
PN96_RS09455,flda
PN96_RS09465,fur
PN96_RS09470,qars
PN96_RS09475,nage
PN96_RS09480,naga
PN96_RS09485,nagc
PN96_RS09495,asnb
PN96_RS09500,rfah
PN96_RS09510,hemh
PN96_RS09515,adk
PN96_RS09525,toxr
PN96_RS09530,toxs
PN96_RS09590,ybbn
PN96_RS09600,ybbj
PN96_RS09620,zipa
PN96_RS09625,cysz
PN96_RS09630,cysk
PN96_RS09640,ptsh
PN96_RS09645,ptsi
PN96_RS09650,crr
PN96_RS09660,flic
PN96_RS09665,flgl
PN96_RS09670,flgk
PN96_RS09675,flgj
PN96_RS09680,flgi
PN96_RS09685,flgh
PN96_RS09690,flgg
PN96_RS09695,flgf
PN96_RS09700,flge
PN96_RS09705,flgd
PN96_RS09710,flgc
PN96_RS09715,flgb
PN96_RS09720,cher
PN96_RS09725,chev
PN96_RS09730,flga
PN96_RS09735,flgm
PN96_RS09740,flgn
PN96_RS09745,flgp
PN96_RS09750,flgo
PN96_RS09755,flgt
PN96_RS09775,ears
PN96_RS09780,copa
PN96_RS09815,rluf
PN96_RS09820,ybak
PN96_RS09825,usha
PN96_RS09830,kdsa
PN96_RS09845,hemk
PN96_RS09850,prfa
PN96_RS09855,hema
PN96_RS09860,lolb
PN96_RS09865,ispe
PN96_RS09870,prps
PN96_RS09880,ychf
PN96_RS09995,ubif
PN96_RS10000,miab
PN96_RS10005,phoh
PN96_RS10010,ybey
PN96_RS10015,corc
PN96_RS10020,lnt
PN96_RS10030,lars
PN96_RS10035,lpte
PN96_RS10040,hola
PN96_RS10045,ybeb
PN96_RS10050,rlmh
PN96_RS10055,mrda
PN96_RS10060,roda
PN96_RS10065,rlpa
PN96_RS10070,dacc
PN96_RS10080,lipb
PN96_RS10085,lipa
PN96_RS10090,glya
PN96_RS10100,trec
PN96_RS10105,treb
PN96_RS10110,trer
PN96_RS10115,gmhb
PN96_RS10120,metn
PN96_RS10125,meti
PN96_RS10130,metq
PN96_RS10140,syd
PN96_RS10145,quef
PN96_RS10160,ppnn
PN96_RS10165,xni
PN96_RS10170,rlmm
PN96_RS10185,gcva
PN96_RS10195,thii
PN96_RS10200,motb
PN96_RS10205,mota
PN96_RS10210,xseb
PN96_RS10215,ispa
PN96_RS10220,dxs
PN96_RS10225,pgpa
PN96_RS10230,thil
PN96_RS10235,nusb
PN96_RS10240,ribh
PN96_RS10245,ribba
PN96_RS10250,ribe
PN96_RS10255,ribd
PN96_RS10260,nrdr
PN96_RS10265,proa
PN96_RS10270,prob
PN96_RS10275,crl
PN96_RS10280,frsa
PN96_RS10285,gpt
PN96_RS10290,pbug
PN96_RS10295,pepd
PN96_RS10330,pfas
PN96_RS10335,mltf
PN96_RS10340,tada
PN96_RS10345,abgt
PN96_RS10350,pilv
PN96_RS10360,pilw
PN96_RS10365,fimt
PN96_RS10370,pile
PN96_RS10375,dnaj
PN96_RS10380,dnak
PN96_RS10390,grpe
PN96_RS10395,ppnk
PN96_RS10400,recn
PN96_RS10405,bame
PN96_RS10420,smpb
PN96_RS10455,rhas
PN96_RS10465,rham
PN96_RS10470,rhab
PN96_RS10475,rhaa
PN96_RS10480,rhad
PN96_RS10515,mety
PN96_RS10525,dada
PN96_RS10540,hipo
PN96_RS10570,guaa
PN96_RS10575,impdh
PN96_RS10580,xsea
PN96_RS10590,aars
PN96_RS10595,enga
PN96_RS10600,bamb
PN96_RS10610,hars
PN96_RS10615,gcpe
PN96_RS10620,rodz
PN96_RS10625,rlmn
PN96_RS10630,ndk
PN96_RS10635,pepb
PN96_RS10645,fdx
PN96_RS10650,hsca
PN96_RS10655,hscb
PN96_RS10660,isca
PN96_RS10665,iscu
PN96_RS10670,iscs
PN96_RS10675,iscr
PN96_RS10680,trmj
PN96_RS10690,secf
PN96_RS10695,secd
PN96_RS10700,yajc
PN96_RS10705,tgt
PN96_RS10710,quea
PN96_RS10720,acub
PN96_RS10725,icl
PN96_RS10730,aceb
PN96_RS10735,oxyr
PN96_RS10745,cutc
PN96_RS10755,phou
PN96_RS10760,pstb
PN96_RS10765,psta
PN96_RS10770,pstc
PN96_RS10780,gppa
PN96_RS10785,psts
PN96_RS10790,phor
PN96_RS10795,phob
PN96_RS10805,rdgc
PN96_RS10810,prtc
PN96_RS10825,mepa
PN96_RS10900,clpb
PN96_RS10910,rlud
PN96_RS10915,bamd
PN96_RS10925,raia
PN96_RS10930,phea
PN96_RS10935,yjjx
PN96_RS10940,trpr
PN96_RS10945,slt
PN96_RS10950,etta
PN96_RS10960,tyra
PN96_RS10970,nagz
PN96_RS10975,anmk
PN96_RS10980,murq
PN96_RS11010,isph
PN96_RS11015,slpa
PN96_RS11020,lspa
PN96_RS11025,iars
PN96_RS11030,ribf
PN96_RS11035,murj
PN96_RS11045,hlyu
PN96_RS11050,nhar
PN96_RS11065,thya
PN96_RS11070,lgt
PN96_RS11080,ptsp
PN96_RS11085,nudh
PN96_RS11090,muth
PN96_RS11110,vpsr
PN96_RS11115,kars
PN96_RS11120,prfb
PN96_RS11125,recj
PN96_RS11130,dsbc
PN96_RS11135,xerd
PN96_RS11140,fldb
PN96_RS11150,yfic
PN96_RS11155,srmb
PN96_RS11180,ung
PN96_RS11185,nfo
PN96_RS11190,grca
PN96_RS11195,thrc
PN96_RS11200,thrb
PN96_RS11205,thra
PN96_RS11215,rraa
PN96_RS11225,arca
PN96_RS11235,arcb
PN96_RS11245,gltb
PN96_RS11250,gltd
PN96_RS11255,gltb
PN96_RS11260,gltd
PN96_RS11270,mtnn
PN96_RS11275,cbib
PN96_RS11280,btuf
PN96_RS11300,carb
PN96_RS11305,cara
PN96_RS11310,dapb
PN96_RS11315,mutt
PN96_RS11320,seca
PN96_RS11330,lpxc
PN96_RS11335,ftsz
PN96_RS11340,ftsa
PN96_RS11345,ftsq
PN96_RS11350,murc
PN96_RS11355,murg
PN96_RS11360,ftsw
PN96_RS11365,murd
PN96_RS11370,mray
PN96_RS11375,murf
PN96_RS11380,mure
PN96_RS11385,ftsi
PN96_RS11390,ftsl
PN96_RS11395,mraw
PN96_RS11405,rsmi
PN96_RS11415,yran
PN96_RS11420,diaa
PN96_RS11430,sspb
PN96_RS11435,sspa
PN96_RS11445,cytb
PN96_RS11465,zape
PN96_RS11475,degp
PN96_RS11480,hhob
PN96_RS11485,parc
PN96_RS11490,pare
PN96_RS11500,cpda
PN96_RS11510,nudf
PN96_RS11515,tolc
PN96_RS11520,gmhc
PN96_RS11525,glne
PN96_RS11530,mcp
PN96_RS11535,kch
PN96_RS11540,ygif
PN96_RS11555,ygim
PN96_RS11560,gspb
PN96_RS11565,gspa
PN96_RS11570,cca
PN96_RS11575,baca
PN96_RS11580,folk
PN96_RS11585,folb
PN96_RS11590,plsy
PN96_RS11600,tsad
PN96_RS11615,dnag
PN96_RS11620,rpod
PN96_RS11630,flic
PN96_RS11635,metq
PN96_RS11670,mtla
PN96_RS11675,mtld
PN96_RS11680,mtlr
PN96_RS11685,murq
PN96_RS11690,scra
PN96_RS11700,glms
PN96_RS11710,pk
PN96_RS11725,acsl
PN96_RS11730,leuo
PN96_RS11740,bcrc
PN96_RS11755,leua
PN96_RS11760,leub
PN96_RS11765,leuc
PN96_RS11770,leud
PN96_RS11780,djla
PN96_RS11785,lptd
PN96_RS11790,sura
PN96_RS11795,pdxa
PN96_RS11800,ksga
PN96_RS11805,apag
PN96_RS11810,apah
PN96_RS11815,dhfr
PN96_RS11830,obge
PN96_RS11845,ispb
PN96_RS11855,mdh
PN96_RS11860,argr
PN96_RS11875,uspf
PN96_RS11880,thiq
PN96_RS11885,thip
PN96_RS11890,thib
PN96_RS11895,ubix
PN96_RS11900,mpl
PN96_RS11905,fbp
PN96_RS11910,ppa
PN96_RS11920,tamb
PN96_RS11925,tama
PN96_RS11930,msra
PN96_RS11975,cysc
PN96_RS11985,cysn
PN96_RS11990,cysd
PN96_RS11995,coba
PN96_RS12000,cpdb
PN96_RS12010,dbpa
PN96_RS12015,elaa
PN96_RS12020,ytfb
PN96_RS12025,fklb
PN96_RS12040,rpoa
PN96_RS12065,secy
PN96_RS12180,pria
PN96_RS12185,cytr
PN96_RS12195,hslv
PN96_RS12200,hslu
PN96_RS12205,mena
PN96_RS12210,rraa
PN96_RS12215,zapb
PN96_RS12220,glpx
PN96_RS12245,hpaf
PN96_RS12250,tpi
PN96_RS12265,wbpm
PN96_RS12320,wbpp
PN96_RS12330,wbpo
PN96_RS12335,etk
PN96_RS12340,wzb
PN96_RS12345,wza
PN96_RS12350,ugdh
PN96_RS12365,kpsm
PN96_RS12370,kpse
PN96_RS12375,rfba
PN96_RS12380,rfbc
PN96_RS12390,rfbf
PN96_RS12395,rfbd
PN96_RS12400,rfbb
PN96_RS12465,kpst
PN96_RS12475,cysd
PN96_RS12480,cysc
PN96_RS12490,cysn
PN96_RS12495,weca
PN96_RS12520,gmhd
PN96_RS12525,lpxm
PN96_RS12530,waaf
PN96_RS12535,kdta
PN96_RS12550,glf
PN96_RS12555,kdka
PN96_RS12560,dgka
PN96_RS12565,waag
PN96_RS12575,opsx
PN96_RS12590,mutm
PN96_RS12610,radc
PN96_RS12615,coabc
PN96_RS12620,slma
PN96_RS12625,lpxl
PN96_RS12630,pyre
PN96_RS12635,rph
PN96_RS12665,psie
PN96_RS12670,ddpf
PN96_RS12675,ddpd
PN96_RS12680,yeja
PN96_RS12685,yeje
PN96_RS12690,yejb
PN96_RS12705,exbb
PN96_RS12710,exbb
PN96_RS12715,exbd
PN96_RS12720,tonb
PN96_RS12730,gmk
PN96_RS12735,rpoz
PN96_RS12740,spot
PN96_RS12745,trmh
PN96_RS12750,recg
PN96_RS12755,xanp
PN96_RS12760,envz
PN96_RS12765,ompr
PN96_RS12775,greb
PN96_RS12785,tex
PN96_RS12795,bioh
PN96_RS12805,nfua
PN96_RS12810,nude
PN96_RS12815,cysq
PN96_RS12820,gspn
PN96_RS12825,gspm
PN96_RS12830,gspl
PN96_RS12835,gspk
PN96_RS12840,gspj
PN96_RS12845,gspi
PN96_RS12850,gsph
PN96_RS12855,gspg
PN96_RS12860,gspf
PN96_RS12865,gspe
PN96_RS12870,gspd
PN96_RS12875,gspc
PN96_RS12880,hslr
PN96_RS12885,hslo
PN96_RS12890,pcka
PN96_RS12905,dtd
PN96_RS12925,typa
PN96_RS12930,glna
PN96_RS12940,glnl
PN96_RS12945,glng
PN96_RS12955,add
PN96_RS12960,hemn
PN96_RS12990,engb
PN96_RS12995,pola
PN96_RS13010,hemb
PN96_RS13015,tatd
PN96_RS13025,tatc
PN96_RS13030,tatb
PN96_RS13035,tata
PN96_RS13040,ubib
PN96_RS13045,ubij
PN96_RS13050,ubie
PN96_RS13055,rmuc
PN96_RS13075,bac
PN96_RS13080,cydd
PN96_RS13090,hutz
PN96_RS13115,tadc
PN96_RS13120,tadb
PN96_RS13125,cpaf
PN96_RS13130,cpae
PN96_RS13140,cpac
PN96_RS13145,cpab
PN96_RS13150,cpaa
PN96_RS13155,flp
PN96_RS13175,uspb
PN96_RS13180,ftna
PN96_RS13185,uspa
PN96_RS13200,rsmj
PN96_RS13205,asnc
PN96_RS13210,prlc
PN96_RS13215,rlmj
PN96_RS13220,gsr
PN96_RS13225,chux
PN96_RS13230,eda
PN96_RS13240,idnk
PN96_RS13245,edd
PN96_RS13250,gntr
PN96_RS13320,rep
PN96_RS13325,acrr
PN96_RS13330,acra
PN96_RS13335,acrb
PN96_RS13340,ubik
PN96_RS13345,ilvc
PN96_RS13350,ilvy
PN96_RS13365,nage
PN96_RS13400,hemg
PN96_RS13405,trkh
PN96_RS13415,fadb
PN96_RS13420,fada
PN96_RS13425,acui
PN96_RS13440,tusa
PN96_RS13455,glyq
PN96_RS13460,glys
PN96_RS13465,amy
PN96_RS13470,avta
PN96_RS13475,ibpa
PN96_RS13480,gyrb
PN96_RS13485,recf
PN96_RS13490,dnan
PN96_RS13495,dnaa
PN96_RS13500,yxem
PN96_RS13505,yxen
PN96_RS13510,yxeo
PN96_RS13520,rnpa
PN96_RS13530,yidc
PN96_RS13535,mnme
PN96_RS13540,mioc
PN96_RS13545,gida
PN96_RS13550,gidb
PN96_RS13555,para
PN96_RS13560,parb
PN96_RS13565,atpi
PN96_RS13610,glmu
PN96_RS13620,phec
PN96_RS13640,ilvd
PN96_RS13645,ilvm
PN96_RS13655,comm
PN96_RS13670,dsba
PN96_RS13695,hlyiii
PN96_RS13705,trkh
PN96_RS13710,trka
PN96_RS13715,rsmb
PN96_RS13720,mtfmt
PN96_RS13725,pdf
PN96_RS13735,smf
PN96_RS13740,smg
PN96_RS13745,yrdd
PN96_RS13750,purk
PN96_RS13755,pure
PN96_RS13760,tsac
PN96_RS13765,cpox
PN96_RS13770,aroe
PN96_RS13835,crcb
PN96_RS13840,thic
PN96_RS13845,thie
PN96_RS13850,thif
PN96_RS13855,this
PN96_RS13860,thig
PN96_RS13865,thih
PN96_RS13870,pepp
PN96_RS13880,bcr
PN96_RS13910,uvrd
PN96_RS13920,ggt
PN96_RS13925,rhtc
PN96_RS13935,rard
PN96_RS13940,recq
PN96_RS13950,yhhq
PN96_RS13955,gppa
PN96_RS13960,rhlb
PN96_RS13965,txn
PN96_RS13970,rho
PN96_RS13980,ubid
PN96_RS13990,fre
PN96_RS14035,hemy
PN96_RS14040,hemx
PN96_RS14045,hemd
PN96_RS14050,hemc
PN96_RS14055,cyaa
PN96_RS14060,cyay
PN96_RS14070,lysa
PN96_RS14075,dapf
PN96_RS14085,xerc
PN96_RS14090,yigb
PN96_RS14115,pldb
PN96_RS14120,rhtb
PN96_RS14125,cdgj
PN96_RS14130,arsr
PN96_RS14135,gapdh
PN96_RS14145,arsj
PN96_RS14175,yhhl
PN96_RS14180,rsmd
PN96_RS14185,ftsy
PN96_RS14190,ftse
PN96_RS14195,ftsx
PN96_RS14200,rpoh
PN96_RS14210,glpe
PN96_RS14215,glpg
PN96_RS14220,flil
PN96_RS14225,ubic
PN96_RS14230,ubia
PN96_RS14235,plsb
PN96_RS14240,lexa
PN96_RS14250,dinf
PN96_RS14255,stha
PN96_RS14260,fabr
PN96_RS14270,trma
PN96_RS14275,btub
PN96_RS14285,muri
PN96_RS14380,fis
PN96_RS14385,dusb
PN96_RS14390,prma
PN96_RS14395,accc
PN96_RS14400,accb
PN96_RS14405,aroq
PN96_RS14415,dnaq
PN96_RS14425,hcat
PN96_RS14445,actp
PN96_RS14455,cvra
PN96_RS14465,dsbd
PN96_RS14470,dcua
PN96_RS14475,aspa
PN96_RS14480,fxsa
PN96_RS14485,trml
PN96_RS14490,cpxa
PN96_RS14495,cpxr
PN96_RS14500,cpxp
PN96_RS14505,fief
PN96_RS14510,pfka
PN96_RS14515,dinf
PN96_RS14520,groes
PN96_RS14525,groel
PN96_RS14550,mgtc
PN96_RS14555,epmb
PN96_RS14560,efp
PN96_RS14570,frdd
PN96_RS14575,frdc
PN96_RS14580,frdb
PN96_RS14585,frda
PN96_RS14590,epma
PN96_RS14610,envc
PN96_RS14615,cyse
PN96_RS14620,gpsa
PN96_RS14625,secb
PN96_RS14635,gpmi
PN96_RS14650,psd
PN96_RS14655,rsga
PN96_RS14660,orn
PN96_RS14725,queg
PN96_RS14730,tsae
PN96_RS14735,amiabc
PN96_RS14740,mutl
PN96_RS14745,miaa
PN96_RS14750,hfq
PN96_RS14755,hflx
PN96_RS14760,hflk
PN96_RS14765,hflc
PN96_RS14775,pura
PN96_RS14780,motx
PN96_RS14785,hmp
PN96_RS14790,nsrr
PN96_RS14795,rnr
PN96_RS14800,rlmb
PN96_RS14805,gph
PN96_RS14810,wars
PN96_RS14815,paba
PN96_RS14820,argd
PN96_RS14825,asta
PN96_RS14830,astd
PN96_RS14840,crp
PN96_RS14845,prk
PN96_RS14870,kefg
PN96_RS14875,kefb
PN96_RS14885,slyd
PN96_RS14895,slyx
PN96_RS14905,fkpa
PN96_RS14915,tusd
PN96_RS14920,tusc
PN96_RS14925,tusb
PN96_RS14940,fusa
PN96_RS14945,tuf
PN96_RS14950,bfd
PN96_RS14955,bfr
PN96_RS14960,maeb
PN96_RS14965,metj
PN96_RS14975,metb
PN96_RS14980,metl
PN96_RS14985,metf
PN96_RS14990,apha
PN96_RS14995,ppc
PN96_RS15000,arge
PN96_RS15005,argc
PN96_RS15010,argb
PN96_RS15015,argg
PN96_RS15020,argha
PN96_RS15025,pgdx
PN96_RS15030,oxyr
PN96_RS15035,mrca
PN96_RS15040,pilm
PN96_RS15045,piln
PN96_RS15050,pilo
PN96_RS15055,pilp
PN96_RS15060,pilq
PN96_RS15065,arok
PN96_RS15070,arob
PN96_RS15075,damx
PN96_RS15080,dam
PN96_RS15085,rpe
PN96_RS15095,prib
PN96_RS15110,ydiy
PN96_RS15115,dnab
PN96_RS15120,alr
PN96_RS15130,gpi
PN96_RS15135,chex
PN96_RS15140,zur
PN96_RS15145,dusa
PN96_RS15165,cysj
PN96_RS15170,cysi
PN96_RS15175,cysh
PN96_RS04200,trap
PN96_RS15305,bcct
PN96_RS18745,trap
PN96_RS21040,ush
PN96_RS22515,trap
PN96_RS21635,sur
PN96_RS13580,atpf
PN96_RS18400,arog
PN96_RS11720,ilvi
PN96_RS07245,scrk
PN96_RS22375,csbX
PN96_RS21965,zwf
PN96_RS01395,sulp
PN96_RS22035,apc
PN96_RS22330,trap
PN96_RS16160,sulp
PN96_RS03435,abct
PN96_RS19560,trap
PN96_RS18890,trap
PN96_RS19570,trap
PN96_RS04190,trap 
PN96_RS21300,ilve
PN96_RS22525,trap
PN96_RS13605,atpc
PN96_RS20115,dcuc
PN96_RS16855,gntp
PN96_RS15300,ahda
PN96_RS22190,trap
PN96_RS10775,ppk
PN96_RS11450,peta
PN96_RS04280,sdaa
PN96_RS05680,gdhb
PN96_RS20275,trap
PN96_RS13600,atpd
PN96_RS16035,plp
PN96_RS14410,acs
PN96_RS19415,nark
PN96_RS05610,aroh
PN96_RS01470,slc
PN96_RS11440,petc
PN96_RS11715,ilvn
PN96_RS21410,acsa
PN96_RS17395,spa
PN96_RS22460,sal
PN96_RS05215,nfnb
PN96_RS07395,maea
PN96_RS15765,nfsa
PN96_RS17125,brnq
PN96_RS04960,voc
PN96_RS21990,apc
PN96_RS17365,sal
PN96_RS09490,cpa
PN96_RS17715,xxx
PN96_RS01825,abp
PN96_RS20435,trap
PN96_RS19075,nade
PN96_RS12585,coad
PN96_RS19190,abp
PN96_RS22320,trap
PN96_RS23400,pyrC
PN96_RS16060,apc
PN96_RS16025,aap
PN96_RS23205,sola
PN96_RS22195,trap
PN96_RS06335,mfs
PN96_RS22165,guad
PN96_RS04115,nrdb
PN96_RS18850,trap
PN96_RS06405,ncs
PN96_RS03510,sulp
PN96_RS13020,cpa
PN96_RS18750,trap
PN96_RS13575,atpe
PN96_RS11870,trap
PN96_RS03285,gloa
PN96_RS23515,trap
PN96_RS13235,gntp
PN96_RS18645,arcb
PN96_RS10995,csta
PN96_RS21445,fdhf
PN96_RS03935,gltp
PN96_RS18740,trap
PN96_RS10965,arof
PN96_RS08560,pflb
PN96_RS15775,dccs
PN96_RS11145,brnq
PN96_RS13595,atpg
PN96_RS20270,trap
PN96_RS22640,atpd
PN96_RS13590,atpa
PN96_RS23510,trap
PN96_RS23230,trap
PN96_RS06400,ami
PN96_RS00295,galu
PN96_RS22520,trap
PN96_RS06920,cobs
PN96_RS06730,gmc
PN96_RS19070,trap
PN96_RS10565,abct
PN96_RS03425,abct
PN96_RS21980,amt
PN96_RS22635,atpe
PN96_RS03100,ansa
PN96_RS13635,ilva
PN96_RS23520,trap
PN96_RS22615,atpd
PN96_RS18900,trap
PN96_RS10460,nuct
PN96_RS05360,zwf
PN96_RS00910,tkt
PN96_RS16655,nhad
PN96_RS18415,tal
PN96_RS03430,abct
PN96_RS06940,cyst
PN96_RS10385,dcct
PN96_RS13650,ilvg
PN96_RS04300,fuma
PN96_RS01105,eno
PN96_RS18700,trap
PN96_RS06115,bcct
PN96_RS18410,tkt
PN96_RS13570,atpn
PN96_RS22325,trap
PN96_RS13585,atph
PN96_RS22605,atpg
PN96_RS18845,trap
PN96_RS06735,gdh
PN96_RS18895,trap
PN96_RS22200,trap
PN96_RS10905,pgef
PN96_RS20265,trap
PN96_RS04195,trap
PN96_RS04220,buta
PN96_RS03075,hpm
PN96_RS22655,bcct
PN96_RS21705,cyoe
PN96_RS18635,abgt
PN96_RS23225,trap
PN96_RS22610,atpa
PN96_RS04120,nrda
PN96_RS19565,trap
PN96_RS23235,trap
PN96_RS02440,sulp
PN96_RS00135,nudc
PN96_RS05445,prpe
PN96_RS23610,bcct
PN96_RS22915,cyoe
PN96_RS06925,cobt
PN96_RS18455,fole
PN96_RS08465,icd
PN96_RS18430,trap
PN96_RS22625,atpa
PN96_RS11550,pita
PN96_RS18855,trap
PN96_RS14435,fumc
PN96_RS22620,atpe
