rhea,rheaDir,metacyc
10628,10628,ECOCYC:TRNA-NUCLEOTIDYLTRANSFERASE-RXN
21248,21248,ECOCYC:DNA-DIRECTED-RNA-POLYMERASE-RXN
22508,22508,ECOCYC:DNA-NUCLEOTIDYLEXOTRANSFERASE-RXN
10040,10041,ECOCYC:325-BISPHOSPHATE-NUCLEOTIDASE-RXN
10092,10093,ECOCYC:DEOXYNUCLEOTIDE-3-PHOSPHATASE-RXN
10116,10117,ECOCYC:RXN-9952
10120,10121,ECOCYC:AMINOCYL-TRNA-HYDROLASE-RXN
54448,54449,ECOCYC:AMINOCYL-TRNA-HYDROLASE-RXN
10136,10137,ECOCYC:GLYOCARBOLIG-RXN
10144,10145,ECOCYC:3-NUCLEOTID-RXN
10192,10193,ECOCYC:ABC-70-RXN
10196,10197,ECOCYC:O-SUCCINYLBENZOATE-COA-SYN-RXN
10220,10221,ECOCYC:TYROSINE--TRNA-LIGASE-RXN
10224,10225,ECOCYC:PYRIDOXKIN-RXN
10240,10242,ECOCYC:ENOYL-ACP-REDUCT-NADH-RXN
10248,10249,ECOCYC:DUTP-PYROP-RXN
10260,10261,ECOCYC:TRANS-RXN-250
10376,10377,ECOCYC:TRANS-RXN-178
10412,10413,ECOCYC:RXN0-1441
10440,10441,ECOCYC:GLUCONOLACT-RXN
10456,10457,ECOCYC:MALTACETYLTRAN-RXN
10488,10489,ECOCYC:5-FORMYL-THF-CYCLO-LIGASE-RXN
10492,10493,ECOCYC:RXN-5647
10532,10533,ECOCYC:TRYPSYN-RXN
10540,10541,ECOCYC:H2NEOPTERINALDOL-RXN
10580,10581,ECOCYC:FOLYLPOLYGLUTAMATESYNTH-RXN
10596,10597,ECOCYC:2.7.10.1-RXN
10676,10678,ECOCYC:RXN-8991
10684,10685,ECOCYC:PROTEIN-TYROSINE-PHOSPHATASE-RXN
10704,10705,ECOCYC:VALINE--TRNA-LIGASE-RXN
10760,10761,ECOCYC:CITLY-RXN
10772,10773,ECOCYC:6-PHOSPHO-BETA-GLUCOSIDASE-RXN
10800,10802,ECOCYC:XANPRIBOSYLTRAN-RXN
10840,10841,ECOCYC:THRESYN-RXN
10912,10913,ECOCYC:PANTOATE-BETA-ALANINE-LIG-RXN
10932,10933,ECOCYC:ARGSUCCINSYN-RXN
10964,10965,ECOCYC:XYLULOKIN-RXN
10992,10994,ECOCYC:GLYOXYLATE-REDUCTASE-NADP%2b-RXN
11028,11029,ECOCYC:MANNKIN-RXN
11036,11037,ECOCYC:RXN-8638
11040,11041,ECOCYC:IMIDPHOSDEHYD-RXN
11060,11061,ECOCYC:ISOLEUCINE--TRNA-LIGASE-RXN
11064,11065,ECOCYC:F16BDEPHOS-RXN
11092,11094,ECOCYC:GLYC3PDEHYDROGBIOSYN-RXN
11096,11098,ECOCYC:GLYC3PDEHYDROGBIOSYN-RXN
11112,11113,ECOCYC:ISOCHORMAT-RXN
11116,11117,ECOCYC:DIAMACTRANS-RXN
11120,11121,ECOCYC:RXN-12893
11148,11149,ECOCYC:RXN0-1483
11172,11173,ECOCYC:HOMOCYSMETB12-RXN
11180,11181,ECOCYC:ASPARAGINE--TRNA-LIGASE-RXN
11196,11197,ECOCYC:DMBPPRIBOSYLTRANS-RXN
11224,11225,ECOCYC:DALADALALIG-RXN
11268,11269,ECOCYC:DCYSDESULF-RXN
11304,11305,ECOCYC:UREIDOGLYCOLATE-LYASE-RXN
11308,11309,ECOCYC:ACETYL-COA-CARBOXYLTRANSFER-RXN
11332,11333,ECOCYC:POLYNUCLEOTIDE-ADENYLYLTRANSFERASE-RXN
11364,11365,ECOCYC:PEPSYNTH-RXN
11372,11373,ECOCYC:ASNSYNA-RXN
11412,11413,ECOCYC:H2PTERIDINEPYROPHOSPHOKIN-RXN
11476,11477,ECOCYC:GLYCEROL-1-PHOSPHATASE-RXN
11500,11501,ECOCYC:KDO-8PPHOSPHAT-RXN
11596,11597,ECOCYC:OROTPDECARB-RXN
11600,11601,ECOCYC:RXN-11832
11672,11673,ECOCYC:PABASYN-RXN
11680,11681,ECOCYC:GMP-SYN-GLUT-RXN
11688,11689,ECOCYC:LEUCINE--TRNA-LIGASE-RXN
11724,11726,ECOCYC:1.8.4.8-RXN
11740,11742,ECOCYC:GLUTATHIONE-REDUCT-NADPH-RXN
11756,11757,ECOCYC:BIOTINLIG-RXN
11768,11770,ECOCYC:PRTRANS-RXN
11800,11801,ECOCYC:NADPYROPHOSPHAT-RXN
11828,11829,ECOCYC:RXN-15952
11844,11846,ECOCYC:PYRUVFORMLY-RXN
11860,11861,ECOCYC:2.7.13.2-RXN
11960,11962,ECOCYC:SUCCINYLDIAMINOPIMTRANS-RXN
11972,11973,ECOCYC:RXN-15294
11988,11989,ECOCYC:2.1.1.79-RXN
12012,12013,ECOCYC:THIKIN-RXN
12056,12057,ECOCYC:ERYTH4PDEHYDROG-RXN
12068,12069,ECOCYC:HOLO-ACP-SYNTH-RXN
12080,12081,ECOCYC:2.3.1.180-RXN
12104,12105,ECOCYC:THYMIDYLATESYN-RXN
12120,12121,ECOCYC:GLUC1PADENYLTRANS-RXN
12132,12133,ECOCYC:3.6.3.3-RXN
12160,12161,ECOCYC:KDUD-RXN
12188,12189,ECOCYC:2OXOGLUTDECARB-RXN
12228,12229,ECOCYC:ASNSYNB-RXN
12248,12250,ECOCYC:UDPNACETYLMURAMATEDEHYDROG-RXN
23816,23817,ECOCYC:PUTTRANSAM-RXN
12292,12293,ECOCYC:SERINE--TRNA-LIGASE-RXN
12300,12301,ECOCYC:2.5.1.25-RXN
12340,12341,ECOCYC:LEUCYLTRANSFERASE-RXN
12344,12346,ECOCYC:GLUTRNAREDUCT-RXN
12376,12377,ECOCYC:FUCULOKIN-RXN
12400,12401,ECOCYC:NMNAMIDOHYDRO-RXN
12420,12421,ECOCYC:TAGAKIN-RXN
12484,12485,ECOCYC:5-NUCLEOTID-RXN
12496,12497,ECOCYC:RXN-15292
12540,12541,ECOCYC:ALANINE--TRNA-LIGASE-RXN
12556,12557,ECOCYC:6PGLUCONOLACT-RXN
12605,12606,ECOCYC:DXS-RXN
12653,12654,ECOCYC:1.1.1.39-RXN
12697,12698,ECOCYC:GMKALT-RXN
12705,12706,ECOCYC:2.1.1.77-RXN
12721,12722,ECOCYC:SPERMIDINESYN-RXN
12733,12735,ECOCYC:QUINOPRIBOTRANS-RXN
12913,12914,ECOCYC:RXN-8654
12933,12934,ECOCYC:FUCPALDOL-RXN
12957,12958,ECOCYC:ACETYLESTERASE-RXN
12969,12970,ECOCYC:GLYCPDIESTER-RXN
12977,12978,ECOCYC:PHOSPHOAMIDASE-RXN
13017,13019,ECOCYC:URACIL-PRIBOSYLTRANS-RXN
13065,13066,ECOCYC:ATPASE-RXN
13073,13074,ECOCYC:PPPGPPHYDRO-RXN
13089,13091,ECOCYC:1.7.2.2-RXN
13097,13098,ECOCYC:3-HYDROXYDECANOYL-ACP-DEHYDR-RXN
13105,13106,ECOCYC:GLYCEROL-2-PHOSPHATASE-RXN
13121,13122,ECOCYC:SHIKIMATE-KINASE-RXN
13149,13150,ECOCYC:NQOR-RXN
46160,46161,ECOCYC:NQOR-RXN
46164,46165,ECOCYC:NQOR-RXN
13161,13162,ECOCYC:THREODEHYD-RXN
13185,13186,ECOCYC:OHMETHYLBILANESYN-RXN
13193,13194,ECOCYC:RXN0-743
13213,13214,ECOCYC:SUCCSEMIALDDEHYDROG-RXN
13217,13218,ECOCYC:SUCCINATE-SEMIALDEHYDE-DEHYDROGENASE-RXN
13237,13238,ECOCYC:L-GLN-FRUCT-6-P-AMINOTRANS-RXN
13285,13286,ECOCYC:GLUTCYSLIG-RXN
13381,13382,ECOCYC:ACECOATRANS-RXN
13409,13411,ECOCYC:RXN0-4022
13433,13434,ECOCYC:CYTIDEAM-RXN
13481,13482,ECOCYC:METHIONINE--TRNA-LIGASE-RXN
13493,13495,ECOCYC:ACETOOHBUTREDUCTOISOM-RXN
13501,13502,ECOCYC:BIOTIN-CARBOXYL-RXN
13509,13510,ECOCYC:NAG1P-URIDYLTRANS-RXN
13517,13518,ECOCYC:DTMPKI-RXN
13553,13554,ECOCYC:GALACTOKIN-RXN
13557,13558,ECOCYC:GLUTATHIONE-SYN-RXN
13617,13618,ECOCYC:METHYLTHIOADENOSINE-NUCLEOSIDASE-RXN
13633,13634,ECOCYC:RXN0-3901
13657,13658,ECOCYC:CITRATE-PRO-3S-LYASE-THIOLESTERASE-RXN
13665,13666,ECOCYC:GUANYLCYC-RXN
13673,13674,ECOCYC:URITRANS-RXN
13681,13682,ECOCYC:DNA-CYTOSINE-5--METHYLTRANSFERASE-RXN
13697,13698,ECOCYC:RIBOKIN-RXN
13713,13714,ECOCYC:SUCCINATE-DEHYDROGENASE-UBIQUINONE-RXN
13725,13726,ECOCYC:2.3.1.157-RXN
13801,13803,ECOCYC:SULFITE-REDUCT-RXN
13821,13822,ECOCYC:RXN0-7316
13869,13870,ECOCYC:PREPHENATEDEHYDROG-RXN
13893,13894,ECOCYC:BIS5-ADENOSYL-TRIPHOSPHATASE-RXN
13897,13898,ECOCYC:CHORISMATEMUT-RXN
13925,13926,ECOCYC:UDPNACETYLGLUCOSAMACYLTRANS-RXN
13929,13930,ECOCYC:AGMATIN-RXN
13953,13954,ECOCYC:RXN-15041
13965,13966,ECOCYC:CYSTATHIONINE-BETA-LYASE-RXN
13977,13978,ECOCYC:DSERDEAM-RXN
13985,13986,ECOCYC:HOMOSERKIN-RXN
14017,14018,ECOCYC:RIBOSYLNICOTINAMIDE-KINASE-RXN
14053,14054,ECOCYC:KDO-8PSYNTH-RXN
14085,14086,ECOCYC:RXN-20755
14105,14107,ECOCYC:PYRROLINECARBREDUCT-RXN
14109,14111,ECOCYC:PYRROLINECARBREDUCT-RXN
14157,14158,ECOCYC:TRIPHOSPHATASE-RXN
14213,14214,ECOCYC:1PFRUCTPHOSN-RXN
14217,14219,ECOCYC:RXN-8668
14245,14246,ECOCYC:ATP-PYROPHOSPHATASE-RXN
14253,14254,ECOCYC:PPGPPSYN-RXN
14265,14266,ECOCYC:GSAAMINOTRANS-RXN
14277,14278,ECOCYC:LACTALDDEHYDROG-RXN
14305,14306,ECOCYC:PROLINE--TRNA-LIGASE-RXN
14353,14354,ECOCYC:RXN0-705
14357,14358,ECOCYC:RIBOFLAVINKIN-RXN
14369,14370,ECOCYC:GPH-RXN
14433,14434,ECOCYC:TRNA-CYTIDYLYLTRANSFERASE-RXN
14465,14466,ECOCYC:HISTIDPHOS-RXN
14545,14546,ECOCYC:NICOTINAMID-RXN
14573,14574,ECOCYC:GLUCARDEHYDRA-RXN
14613,14614,ECOCYC:ABC-64-RXN
14629,14630,ECOCYC:ACETYLGLUTKIN-RXN
14665,14666,ECOCYC:GUANINE-DEAMINASE-RXN
14725,14726,ECOCYC:BTUR2-RXN
14733,14734,ECOCYC:3.6.3.53-RXN
14797,14798,ECOCYC:DEOXYGLUCONOKIN-RXN
14805,14806,ECOCYC:ALLOSE-KINASE-RXN
14877,14878,ECOCYC:GLUTKIN-RXN
14905,14907,ECOCYC:PRPPAMIDOTRANS-RXN
14961,14962,ECOCYC:S-FORMYLGLUTATHIONE-HYDROLASE-RXN
14965,14966,ECOCYC:ACYLPHOSPHATASE-RXN
14969,14970,ECOCYC:RXN0-2441
15009,15011,ECOCYC:DIHYDROFOLATEREDUCT-RXN
15017,15018,ECOCYC:ACID-PHOSPHATASE-RXN
15017,15018,ECOCYC:ALKAPHOSPHA-RXN
15045,15046,ECOCYC:1.8.1.4-RXN
15045,15046,ECOCYC:RXN-7716
15045,15046,ECOCYC:RXN0-1132
15049,15050,ECOCYC:GDP-GLUCOSIDASE-RXN
15101,15102,ECOCYC:DIAMINOPIMDECARB-RXN
15117,15118,ECOCYC:2.7.8.25-RXN
15149,15150,ECOCYC:PNPOXI-RXN
15169,15170,ECOCYC:SUCCGLUDESUCC-RXN
15177,15178,ECOCYC:LYSOPHOSPHOLIPASE-RXN
15185,15186,ECOCYC:ARGININE-N-SUCCINYLTRANSFERASE-RXN
15193,15194,ECOCYC:DGTPTRIPHYDRO-RXN
15197,15198,ECOCYC:2.1.1.72-RXN
15213,15215,ECOCYC:RXN0-1147
15225,15226,ECOCYC:DTDPGLUCOSEPP-RXN
15229,15230,ECOCYC:2.7.7.13-RXN
15265,15266,ECOCYC:PDXJ-RXN
15305,15306,ECOCYC:BADH-RXN
15313,15314,ECOCYC:ETHAMLY-RXN
15325,15326,ECOCYC:RXN-1381
15329,15330,ECOCYC:R165-RXN
15333,15334,ECOCYC:R165-RXN
15329,15330,ECOCYC:RXN0-7024
15377,15378,ECOCYC:RXN0-5461
15381,15382,ECOCYC:QUERCETIN-23-DIOXYGENASE-RXN
15389,15390,ECOCYC:ADENYLATECYC-RXN
15405,15406,ECOCYC:RXN1-42
15413,15414,ECOCYC:LTARTDEHYDRA-RXN
15425,15426,ECOCYC:HEMN-RXN
15469,15470,ECOCYC:PRIBFAICARPISOM-RXN
15501,15503,ECOCYC:GLUTAMATESYN-RXN
15557,15558,ECOCYC:ABC-20-RXN
15577,15578,ECOCYC:URIDINE-NUCLEOSIDASE-RXN
15613,15614,ECOCYC:DIMETHUROPORDEHYDROG-RXN
15641,15642,ECOCYC:OXALODECARB-RXN
15649,15650,ECOCYC:RXN0-5222
15753,15754,ECOCYC:ADENYLOSUCCINATE-SYNTHASE-RXN
15757,15759,ECOCYC:HOMOSERDEHYDROG-RXN
15761,15763,ECOCYC:HOMOSERDEHYDROG-RXN
15769,15770,ECOCYC:COBINAMIDEKIN-RXN
15805,15806,ECOCYC:DETHIOBIOTIN-SYN-RXN
15817,15818,ECOCYC:PMPOXI-RXN
15841,15842,ECOCYC:GLU6PDEHYDROG-RXN
15889,15890,ECOCYC:GLUTAMIN-RXN
15909,15910,ECOCYC:RXN0-299
15913,15914,ECOCYC:THI-P-KIN-RXN
15937,15939,ECOCYC:ALCOHOL-DEHYDROGENASE-NADPORNOP%2b-RXN
15941,15942,ECOCYC:ACETYLORNDEACET-RXN
15957,15958,ECOCYC:ALTRODEHYDRAT-RXN
15981,15982,ECOCYC:SAMDECARB-RXN
16005,16006,ECOCYC:GALACTARDEHYDRA-RXN
16013,16014,ECOCYC:GLYCINE--TRNA-LIGASE-RXN
16049,16050,ECOCYC:COBALAMINSYN-RXN
16069,16070,ECOCYC:CYTIDEAM2-RXN
16089,16090,ECOCYC:RXN-7948
16105,16107,ECOCYC:ENOYL-COA-HYDRAT-RXN
16109,16110,ECOCYC:6PFRUCTPHOS-RXN
16125,16126,ECOCYC:FRUCTOKINASE-RXN
16153,16154,ECOCYC:AMINEOXID-RXN
16169,16170,ECOCYC:GLUTAMINESYN-RXN
16201,16202,ECOCYC:ADCLY-RXN
16229,16230,ECOCYC:CDPDIGLYSYN-RXN
16233,16235,ECOCYC:2-DEHYDROPANTOATE-REDUCT-RXN
16333,16334,ECOCYC:2.7.7.61-RXN
16369,16371,ECOCYC:DLACTDEHYDROGNAD-RXN
16373,16374,ECOCYC:PANTOTHENATE-KIN-RXN
16417,16418,ECOCYC:PYRROLINECARBDEHYDROG-RXN
16429,16430,ECOCYC:UDP-NACMURALA-GLU-LIG-RXN
16441,16442,ECOCYC:CHEBDEAMID-RXN
16497,16498,ECOCYC:RXN-11596
16505,16506,ECOCYC:CHORPYRLY-RXN
16517,16519,ECOCYC:AMINOPROPDEHYDROG-RXN
16521,16523,ECOCYC:FERREDOXIN--NAD%2b-REDUCTASE-RXN
16525,16526,ECOCYC:DEHYDDEOXGALACTKIN-RXN
16585,16586,ECOCYC:RXN0-949
16597,16598,ECOCYC:RXN-14325
16609,16611,ECOCYC:ADENPRIBOSYLTRAN-RXN
16613,16614,ECOCYC:ARYLAMINE-N-ACETYLTRANSFERASE-RXN
16653,16655,ECOCYC:1.1.1.215-RXN
16657,16658,ECOCYC:INOSINE-NUCLEOSIDASE-RXN
16669,16670,ECOCYC:RXN0-901
16689,16690,ECOCYC:RXN66-526
16777,16778,ECOCYC:TRANS-RXN-2
16781,16782,ECOCYC:ACYL-COA-HYDROLASE-RXN
16793,16794,ECOCYC:P-PANTOCYSDECARB-RXN
16825,16826,ECOCYC:URIDINEKIN-RXN
16833,16834,ECOCYC:GLUTATHIONE-PEROXIDASE-RXN
16845,16846,ECOCYC:CITSYN-RXN
16853,16854,ECOCYC:AMPSYN-RXN
16881,16882,ECOCYC:THIOSULFATE-SULFURTRANSFERASE-RXN
16945,16946,ECOCYC:GCVT-RXN
16969,16970,ECOCYC:DTDPDEHYDRHAMEPIM-RXN
16989,16990,ECOCYC:RXN0-1001
17009,17010,ECOCYC:O-SUCCINYLBENZOATE-COA-LIG-RXN
17017,17019,ECOCYC:RXN0-1133
17029,17030,ECOCYC:ALLANTOINASE-RXN
17089,17090,ECOCYC:KDPGALDOL-RXN
17097,17098,ECOCYC:PHENYLPYRUVATE-TAUTOMERASE-RXN
17105,17106,ECOCYC:RXN-11475
34899,34900,ECOCYC:RXN-11475
17129,17130,ECOCYC:FGAMSYN-RXN
17173,17174,ECOCYC:GSPAMID-RXN
17185,17187,ECOCYC:GMP-REDUCT-RXN
17221,17222,ECOCYC:DTDPGLUCDEHYDRAT-RXN
17249,17250,ECOCYC:RXN-15293
17261,17262,ECOCYC:ARYLSULFAT-RXN
17277,17278,ECOCYC:PGLUCONDEHYDRAT-RXN
17313,17314,ECOCYC:HISTIDINE--TRNA-LIGASE-RXN
17325,17326,ECOCYC:TETHYDPICSUCC-RXN
17397,17399,ECOCYC:3-OXOACYL-ACP-REDUCT-RXN
17417,17418,ECOCYC:N-ACETYLGLUCOSAMINE-KINASE-RXN
17441,17442,ECOCYC:CYSTEINE-AMINOTRANSFERASE-RXN
17453,17454,ECOCYC:GLYRIBONUCSYN-RXN
17457,17458,ECOCYC:RXN0-308
17577,17578,ECOCYC:5.1.3.20-RXN
17633,17634,ECOCYC:BETA-GLUCURONID-RXN
17641,17642,ECOCYC:ARGDECARBOX-RXN
17665,17666,ECOCYC:RXN0-947
17725,17726,ECOCYC:2-METHYLCITRATE-DEHYDRATASE-RXN
17737,17738,ECOCYC:RXN-11174
17741,17742,ECOCYC:RXN-11174
17737,17739,ECOCYC:SHIKIMATE-5-DEHYDROGENASE-RXN
17753,17754,ECOCYC:RIBOSYLHOMOCYSTEINASE-RXN
17773,17774,ECOCYC:CYSTEINE--TRNA-LIGASE-RXN
17785,17786,ECOCYC:GLUTDECARBOX-RXN
17805,17806,ECOCYC:ADENOSYLHOMOCYSTEINE-NUCLEOSIDASE-RXN
17817,17818,ECOCYC:UDPHYDROXYMYRGLUCOSAMNACETYLTRANS-RXN
17825,17826,ECOCYC:GLUCOKIN-RXN
17845,17847,ECOCYC:RIBOFLAVINSYNREDUC-RXN
17865,17867,ECOCYC:1.5.1.34-RXN
17869,17871,ECOCYC:1.5.1.34-RXN
17873,17874,ECOCYC:ABC-5-RXN
17937,17938,ECOCYC:METHGLYSYN-RXN
17973,17975,ECOCYC:HYPOXANPRIBOSYLTRAN-RXN
17989,17990,ECOCYC:PROTEIN-KINASE-RXN
46608,46609,ECOCYC:PROTEIN-KINASE-RXN
18073,18074,ECOCYC:RXN0-6491
28691,28692,ECOCYC:RXN0-6491
18113,18114,ECOCYC:NUCLEOSIDE-DIP-KIN-RXN
44640,44641,ECOCYC:NUCLEOSIDE-DIP-KIN-RXN
18157,18159,ECOCYC:PEPDEPHOS-RXN
18181,18182,ECOCYC:MALSYN-RXN
18245,18246,ECOCYC:DEPHOSPHOCOAKIN-RXN
18253,18254,ECOCYC:MALIC-NADP-RXN
18257,18258,ECOCYC:RXN0-1461
18301,18302,ECOCYC:GMP-SYN-NH3-RXN
18365,18366,ECOCYC:1.1.1.83-RXN
18381,18382,ECOCYC:2.7.1.121-RXN
18425,18426,ECOCYC:QUINATE-5-DEHYDROGENASE-RXN
22364,22365,ECOCYC:QUINATE-5-DEHYDROGENASE-RXN
18437,18438,ECOCYC:2.7.1.148-RXN
18457,18458,ECOCYC:DIOHBUTANONEPSYN-RXN
18489,18490,ECOCYC:R524-RXN
18497,18499,ECOCYC:LXULRU5P-RXN
18589,18590,ECOCYC:GSADENYLATION-RXN
18617,18618,ECOCYC:PEPCARBOXYKIN-RXN
18629,18630,ECOCYC:NAD-KIN-RXN
18633,18634,ECOCYC:CARBPSYN-RXN
18649,18650,ECOCYC:GALACTONDEHYDRAT-RXN
18657,18659,ECOCYC:RXN0-300
18669,18670,ECOCYC:ADENOSINE-NUCLEOSIDASE-RXN
18681,18682,ECOCYC:UDPNACETYLGLUCOSAMENOLPYRTRANS-RXN
18689,18690,ECOCYC:PHOSPHOLIPASE-A1-RXN
18737,18738,ECOCYC:2.7.9.3-RXN
18805,18806,ECOCYC:RXN0-7310
18829,18830,ECOCYC:ERYTHRON4PDEHYDROG-RXN
18841,18843,ECOCYC:TSA-REDUCT-RXN
18845,18847,ECOCYC:TSA-REDUCT-RXN
18869,18870,ECOCYC:LYXK-RXN
18885,18887,ECOCYC:1.1.1.271-RXN
18889,18890,ECOCYC:TREHALOSE6PSYN-RXN
19069,19071,ECOCYC:GLYOXI-RXN
19089,19090,ECOCYC:UROPORIIIMETHYLTRANSA-RXN
19105,19106,ECOCYC:AMINOBUTDEHYDROG-RXN
19129,19130,ECOCYC:THYKI-RXN
19169,19170,ECOCYC:4.3.1.17-RXN
19185,19186,ECOCYC:HYDGLUTSYN-RXN
19189,19190,ECOCYC:RXN0-1134
19317,19318,ECOCYC:RXN0-742
19333,19334,ECOCYC:OXALYL-COA-DECARBOXYLASE-RXN
19361,19362,ECOCYC:FPPSYN-RXN
19377,19379,ECOCYC:NADPH-DEHYDROGENASE-FLAVIN-RXN
19377,19379,ECOCYC:RXN-12445
31455,31457,ECOCYC:RXN-12445
19397,19398,ECOCYC:P-PANTOCYSLIG-RXN
19409,19410,ECOCYC:7-ALPHA-HYDROXYSTEROID-DEH-RXN
19413,19414,ECOCYC:PHENYLALANINE--TRNA-LIGASE-RXN
19433,19434,ECOCYC:GLUCONOKIN-RXN
19465,19466,ECOCYC:R621-RXN
19469,19470,ECOCYC:R621-RXN
19481,19483,ECOCYC:RXN-3641
19497,19498,ECOCYC:ASPDECARBOX-RXN
19533,19534,ECOCYC:SUCCARGDIHYDRO-RXN
19541,19543,ECOCYC:GLUTSEMIALDEHYDROG-RXN
19553,19554,ECOCYC:TRYPTOPHAN-RXN
19569,19570,ECOCYC:RXN0-5144
19609,19610,ECOCYC:RXN-11633
19621,19622,ECOCYC:CYCPHOSDIESTER-RXN
19625,19626,ECOCYC:THREONINE-ALDOLASE-RXN
19649,19650,ECOCYC:ASPARTATE--TRNA-LIGASE-RXN
19669,19670,ECOCYC:RXN0-5462
19709,19710,ECOCYC:RXN-1623
19737,19738,ECOCYC:RXN0-3942
19801,19802,ECOCYC:PANTEPADENYLYLTRAN-RXN
19833,19834,ECOCYC:FORMYLTHFDEFORMYL-RXN
19865,19866,ECOCYC:UROGENDECARBOX-RXN
19889,19890,ECOCYC:GLUC1PURIDYLTRANS-RXN
19893,19894,ECOCYC:PYRIMSYN3-RXN
19929,19930,ECOCYC:CELLULOSE-SYNTHASE-UDP-FORMING-RXN
19933,19934,ECOCYC:GLUCOSE-1-PHOSPHAT-RXN
19949,19950,ECOCYC:H2PTEROATESYNTH-RXN
19981,19982,ECOCYC:RXN-2962
19985,19986,ECOCYC:RXN-2962
19993,19995,ECOCYC:1.8.4.13-RXN
19997,19998,ECOCYC:PHOSPHOENOLPYRUVATE-PHOSPHATASE-RXN
20001,20002,ECOCYC:GLYCOLALD-DEHYDROG-RXN
20013,20014,ECOCYC:ASPCARBTRANS-RXN
20049,20050,ECOCYC:HISTCYCLOHYD-RXN
20077,20078,ECOCYC:2.1.1.34-RXN
20097,20098,ECOCYC:MANNONDEHYDRAT-RXN
20117,20118,ECOCYC:RHAMNULOKIN-RXN
20121,20122,ECOCYC:GLUTAMINE--TRNA-LIGASE-RXN
20129,20130,ECOCYC:AMP-NUCLEOSID-RXN
20221,20222,ECOCYC:FORMATETHFLIG-RXN
20229,20230,ECOCYC:DHBAMPLIG-RXN
20301,20302,ECOCYC:ARGININE--TRNA-LIGASE-RXN
20309,20310,ECOCYC:CATAL-RXN
20345,20347,ECOCYC:THIOREDOXIN-REDUCT-NADPH-RXN
20357,20358,ECOCYC:HCAMULTI-RXN
20373,20374,ECOCYC:PROPIONATE--COA-LIGASE-RXN
20393,20394,ECOCYC:2.3.1.49-RXN
20397,20398,ECOCYC:O-SUCCHOMOSERLYASE-RXN
20401,20402,ECOCYC:BETA-LACTAMASE-RXN
20473,20474,ECOCYC:RXN-8655
20533,20534,ECOCYC:3.1.3.74-RXN
20537,20538,ECOCYC:3.1.4.14-RXN
20605,20606,ECOCYC:CYTDEAM-RXN
20621,20622,ECOCYC:RXN0-5205
20629,20630,ECOCYC:3.1.3.16-RXN
47004,47005,ECOCYC:3.1.3.16-RXN
20641,20642,ECOCYC:RXN-8001
20661,20662,ECOCYC:3.4.13.22-RXN
20696,20697,ECOCYC:SUPEROX-DISMUT-RXN
20700,20701,ECOCYC:TETRAACYLDISACC4KIN-RXN
20712,20713,ECOCYC:7KAPSYN-RXN
20772,20773,ECOCYC:RIBOFLAVIN-SYN-RXN
20792,20793,ECOCYC:LYSINE--TRNA-LIGASE-RXN
20828,20829,ECOCYC:PHOSPHASERDECARB-RXN
20956,20957,ECOCYC:RXN-10819
21016,21017,ECOCYC:ASPARAGHYD-RXN
21020,21021,ECOCYC:CHORISMATE-SYNTHASE-RXN
21080,21081,ECOCYC:S-ADENMETSYN-RXN
21140,21141,ECOCYC:INOSINEKIN-RXN
21164,21165,ECOCYC:CARBOXYLESTERASE-RXN
21172,21173,ECOCYC:1.1.1.264-RXN
21176,21177,ECOCYC:1.1.1.264-RXN
21188,21189,ECOCYC:NAD-SYNTH-NH3-RXN
21208,21209,ECOCYC:RXN0-5114
21260,21262,ECOCYC:1.8.4.14-RXN
21264,21265,ECOCYC:GLYCOLATEDEHYDRO-RXN
21272,21273,ECOCYC:GSPSYN-RXN
21360,21361,ECOCYC:2.7.7.1-RXN
21392,21393,ECOCYC:PHENDEHYD-RXN
21524,21525,ECOCYC:2-ISOPROPYLMALATESYN-RXN
21528,21529,ECOCYC:EXOPOLYPHOSPHATASE-RXN
21540,21541,ECOCYC:PRAISOM-RXN
21564,21566,ECOCYC:KETOACYLCOATHIOL-RXN
21596,21597,ECOCYC:RXN0-2201
21620,21622,ECOCYC:FMNREDUCT-RXN
21624,21626,ECOCYC:FMNREDUCT-RXN
21624,21626,ECOCYC:RXN-12444
21644,21645,ECOCYC:GLYCEROL-KIN-RXN
21648,21649,ECOCYC:PREPHENATEDEHYDRAT-RXN
21664,21665,ECOCYC:4-NITROPHENYLPHOSPHATASE-RXN
21668,21669,ECOCYC:ABC-34-RXN
21732,21733,ECOCYC:ANTHRANSYN-RXN
21740,21741,ECOCYC:MERCAPYSTRANS-RXN
21748,21750,ECOCYC:1.1.1.283-RXN
21820,21821,ECOCYC:HOMOCYSTEINE-S-METHYLTRANSFERASE-RXN
21868,21869,ECOCYC:RIBOFLAVINSYNDEAM-RXN
21924,21926,ECOCYC:RXN0-703
21968,21969,ECOCYC:3-DEHYDROQUINATE-SYNTHASE-RXN
21972,21973,ECOCYC:RXN-8675
22008,22009,ECOCYC:HOMSUCTRAN-RXN
22016,22017,ECOCYC:RXN-982
22020,22021,ECOCYC:ABC-19-RXN
22052,22054,ECOCYC:HYDROXYLAMINE-REDUCTASE-RXN
22060,22061,ECOCYC:2.8.1.6-RXN
22072,22073,ECOCYC:RXN0-5116
22084,22085,ECOCYC:4.3.1.15-RXN
22088,22089,ECOCYC:GTPPYPHOSKIN-RXN
22108,22109,ECOCYC:THREDEHYD-RXN
22132,22133,ECOCYC:ABC-16-RXN
22140,22141,ECOCYC:RXN-14473
22152,22153,ECOCYC:RXN0-6373
22156,22157,ECOCYC:GUANOSINE-DIPHOSPHATASE-RXN
22236,22237,ECOCYC:3.1.3.68-RXN
22328,22329,ECOCYC:THI-P-SYN-RXN
22352,22353,ECOCYC:LYSDECARBOX-RXN
22376,22377,ECOCYC:TRNA-PSEUDOURIDINE-SYNTHASE-I-RXN
22408,22409,ECOCYC:GPPSYN-RXN
22432,22433,ECOCYC:OHACYL-COA-DEHYDROG-RXN
22448,22449,ECOCYC:PSEUDOURIDINE-KINASE-RXN
22488,22489,ECOCYC:RXN-2961
22508,22509,ECOCYC:DNA-DIRECTED-DNA-POLYMERASE-RXN
22564,22566,ECOCYC:ENOYL-ACP-REDUCT-NADPH-RXN
22580,22582,ECOCYC:2-OXOPENT-4-ENOATE-HYDRATASE-RXN
22608,22609,ECOCYC:SUCCDIAMINOPIMDESUCC-RXN
22628,22629,ECOCYC:SAICARSYN-RXN
22636,22637,ECOCYC:DCTP-PYROPHOSPHATASE-RXN
22668,22669,ECOCYC:LIPIDADISACCHARIDESYNTH-RXN
22680,22681,ECOCYC:DCTP-DEAM-RXN
22712,22713,ECOCYC:COBINPGUANYLYLTRANS-RXN
22720,22721,ECOCYC:2.7.13.1-RXN
22728,22729,ECOCYC:2.9.1.1-RXN
22828,22829,ECOCYC:HISTPRATPHYD-RXN
22836,22837,ECOCYC:3-OXOACYL-ACP-SYNTH-RXN
22860,22861,ECOCYC:NICONUCADENYLYLTRAN-RXN
22936,22937,ECOCYC:NAG6PDEACET-RXN
22948,22949,ECOCYC:TAGAALDOL-RXN
22964,22965,ECOCYC:ORNDECARBOX-RXN
22984,22986,ECOCYC:OXAMATE-CARBAMOYLTRANSFERASE-RXN
22996,22997,ECOCYC:RXN-12440
23008,23009,ECOCYC:TRE6PHYDRO-RXN
23032,23033,ECOCYC:AIRS-RXN
23064,23065,ECOCYC:RXN0-280
23080,23081,ECOCYC:L-RHAMNONATE-DEHYDRATASE-RXN
23096,23097,ECOCYC:OHMETPYRKIN-RXN
23120,23121,ECOCYC:ABC-8-RXN
23140,23141,ECOCYC:NMNNUCLEOSID-RXN
23152,23153,ECOCYC:RXN0-5330
23176,23177,ECOCYC:ACETATE--COA-LIGASE-RXN
23236,23237,ECOCYC:MCPMETEST-RXN
23252,23254,ECOCYC:RIBONUCLEOSIDE-DIP-REDUCTI-RXN
23296,23297,ECOCYC:RXN0-7390
23372,23373,ECOCYC:UDP-NACMUR-ALA-LIG-RXN
23420,23421,ECOCYC:TREHALOSEPHOSPHA-RXN
23448,23449,ECOCYC:CPM-KDOSYNTH-RXN
23476,23477,ECOCYC:IGPSYN-RXN
23516,23517,ECOCYC:GLY3KIN-RXN
23540,23541,ECOCYC:GLURS-RXN
23548,23549,ECOCYC:RXN0-6515
23560,23561,ECOCYC:COBALAMIN5PSYN-RXN
23584,23585,ECOCYC:DIHYDROFOLATESYNTH-RXN
23596,23597,ECOCYC:UGD-RXN
23624,23626,ECOCYC:RXN0-1281
23676,23677,ECOCYC:UDP-NACMURALGLDAPLIG-RXN
23688,23689,ECOCYC:ADENINE-DEAMINASE-RXN
23704,23705,ECOCYC:GTP-CYCLOHYDRO-II-RXN
24898,24899,ECOCYC:GTP-CYCLOHYDRO-II-RXN
23720,23721,ECOCYC:PROPIONYL-COA-CARBOXY-RXN
23776,23777,ECOCYC:ASPARTATEKIN-RXN
23780,23781,ECOCYC:2-METHYLCITRATE-SYNTHASE-RXN
23788,23789,ECOCYC:CITC-RXN
23820,23821,ECOCYC:GDPMANDEHYDRA-RXN
23824,23825,ECOCYC:DHBDEHYD-RXN
23828,23830,ECOCYC:1.1.1.274-RXN
23840,23841,ECOCYC:1.13.11.16-RXN
23864,23865,ECOCYC:RXN0-302
23920,23921,ECOCYC:AICARSYN-RXN
23936,23938,ECOCYC:GLUCONATE-5-DEHYDROGENASE-RXN
23940,23942,ECOCYC:GLUCONATE-5-DEHYDROGENASE-RXN
23948,23950,ECOCYC:4-HYDROXYBUTYRATE-DEHYDROGENASE-RXN
23976,23977,ECOCYC:RNA-3-PHOSPHATE-CYCLASE-RXN
44644,44645,ECOCYC:NUCLEOTIDE-PYROPHOSPHATASE-RXN
23996,23997,ECOCYC:NUCLEOTIDE-PYROPHOSPHATASE-RXN
24000,24001,ECOCYC:2.1.1.63-RXN
24064,24065,ECOCYC:PORPHOBILSYNTH-RXN
24080,24081,ECOCYC:TRYPTOPHAN--TRNA-LIGASE-RXN
24104,24105,ECOCYC:RXN0-1321
24140,24141,ECOCYC:RXN-11588
24152,24153,ECOCYC:ADENYLYLSULFKIN-RXN
24176,24177,ECOCYC:RXN-18388
24212,24213,ECOCYC:THIAZOLSYN3-RXN
24236,24238,ECOCYC:1.7.2.3-RXN
24252,24253,ECOCYC:3.6.1.41-RXN
24360,24361,ECOCYC:SIROHEME-FERROCHELAT-RXN
24380,24381,ECOCYC:METHIONYL-TRNA-FORMYLTRANSFERASE-RXN
24384,24385,ECOCYC:NAD-SYNTH-GLN-RXN
24400,24401,ECOCYC:RXN-12002
24408,24409,ECOCYC:ADENODEAMIN-RXN
24420,24421,ECOCYC:3.5.1.88-RXN
24440,24441,ECOCYC:ABC-27-RXN
24452,24453,ECOCYC:CHER-RXN
24456,24457,ECOCYC:RXN-16788
24488,24490,ECOCYC:ISPH2-RXN
24560,24561,ECOCYC:SERINE-O-ACETTRAN-RXN
24576,24577,ECOCYC:INORGPYROPHOSPHAT-RXN
24624,24625,ECOCYC:THREONINE--TRNA-LIGASE-RXN
24628,24630,ECOCYC:RXN-13854
24670,24671,ECOCYC:RXN-7682
24674,24675,ECOCYC:CYTIKIN-RXN
24698,24699,ECOCYC:RXN-16286
24702,24703,ECOCYC:RXN0-1861
24706,24707,ECOCYC:RXN0-1862
24785,24786,ECOCYC:MHPHYDROXY-RXN
34187,34188,ECOCYC:MHPCHYDROL-RXN
24793,24795,ECOCYC:GLUTAMIDOTRANS-RXN
24809,24810,ECOCYC:DIHYDROXYISOVALDEHYDRAT-RXN
24825,24827,ECOCYC:RXN0-884
24829,24830,ECOCYC:GARTRANSFORMYL2-RXN
24840,24841,ECOCYC:PYRIMSYN1-RXN
24902,24903,ECOCYC:RXN0-4181
24931,24932,ECOCYC:LCYSDESULF-RXN
24952,24953,ECOCYC:RXN0-4621
25046,25047,ECOCYC:RXN-12070
34191,34192,ECOCYC:RXN-12070
25054,25055,ECOCYC:RXN-12073
25058,25059,ECOCYC:RXN-12072
25062,25063,ECOCYC:PHENPRODIOLDEHYDROG-RXN
25066,25067,ECOCYC:RXN-12071
25078,25079,ECOCYC:RXN-7800
25094,25095,ECOCYC:RXN-7913
25098,25099,ECOCYC:UDPKIN-RXN
25104,25105,ECOCYC:PYRAMKIN-RXN
25108,25109,ECOCYC:PNKIN-RXN
25112,25113,ECOCYC:RXN-14181
25197,25198,ECOCYC:RIBOPHOSPHAT-RXN
25209,25210,ECOCYC:UDPACYLGLCNACDEACETYL-RXN
25213,25214,ECOCYC:LIPIDXSYNTHESIS-RXN
25237,25238,ECOCYC:CDPKIN-RXN
25241,25242,ECOCYC:URUR-RXN
25249,25250,ECOCYC:ACETOLACTSYN-RXN
25253,25254,ECOCYC:NANK-RXN
25277,25278,ECOCYC:RXN0-5038
25298,25299,ECOCYC:RXN0-3962
25302,25303,ECOCYC:H2NEOPTERINP3PYROPHOSPHOHYDRO-RXN
25306,25308,ECOCYC:DIHYDRONEOPTERIN-MONO-P-DEPHOS-RXN
25424,25426,ECOCYC:GUANPRIBOSYLTRAN-RXN
25576,25577,ECOCYC:PROTOPORGENOXI-RXN
25593,25594,ECOCYC:2.5.1.64-RXN
25597,25598,ECOCYC:RXN-9310
25653,25654,ECOCYC:THREOSPON-RXN
25792,25793,ECOCYC:RXN-14455
25876,25877,ECOCYC:L-ASPARTATE-OXID-RXN
25888,25889,ECOCYC:QUINOLINATE-SYNTHA-RXN
26209,26210,ECOCYC:LTAA-RXN
26309,26310,ECOCYC:RXN-9311
26333,26334,ECOCYC:RXN-8342
26337,26338,ECOCYC:MMUM-RXN
26361,26362,ECOCYC:RXN-11319
26426,26427,ECOCYC:CTPSYN-RXN
26434,26435,ECOCYC:RXN0-2382
26438,26440,ECOCYC:RXN-8974
26482,26483,ECOCYC:RXN0-6274
26562,26563,ECOCYC:NAPHTHOATE-SYN-RXN
27290,27291,ECOCYC:RXN0-3281
27377,27378,ECOCYC:GKI-RXN
27405,27406,ECOCYC:RXN-11496
27409,27410,ECOCYC:RXN0-6259
27449,27450,ECOCYC:RXN-11277
27465,27466,ECOCYC:RXN0-4342
27473,27474,ECOCYC:RXN0-4341
27485,27486,ECOCYC:ALLANTOATE-DEIMINASE-RXN
27489,27490,ECOCYC:RXN0-4301
27551,27552,ECOCYC:RXN-8999
27610,27611,ECOCYC:FHLMULTI-RXN
27634,27636,ECOCYC:YIAE1-RXN
27638,27639,ECOCYC:XANTHOSINEPHOSPHORY-RXN
27650,27651,ECOCYC:URKI-RXN
27654,27655,ECOCYC:ACETOOHBUTSYN-RXN
27662,27663,ECOCYC:RXN0-5364
27666,27667,ECOCYC:RXN0-310
27670,27671,ECOCYC:RXN0-5408
27674,27675,ECOCYC:DADPKIN-RXN
27678,27679,ECOCYC:DCDPKIN-RXN
27682,27683,ECOCYC:DTDPKIN-RXN
27686,27687,ECOCYC:GDPKIN-RXN
27690,27691,ECOCYC:DGDPKIN-RXN
27694,27695,ECOCYC:DIHYDROXYMETVALDEHYDRAT-RXN
27710,27711,ECOCYC:GUANOSINEKIN-RXN
27714,27715,ECOCYC:RXN-7609
27718,27719,ECOCYC:RXN-7607
27722,27723,ECOCYC:RXN0-3521
27734,27735,ECOCYC:RXN0-5409
27754,27755,ECOCYC:GLYOXIII-RXN
27758,27759,ECOCYC:GCVMULTI-RXN
27762,27763,ECOCYC:RXN0-383
27770,27771,ECOCYC:2-OCTAPRENYL-6-OHPHENOL-METHY-RXN
27774,27775,ECOCYC:2-OCTAPRENYL-METHOXY-BENZOQ-METH-RXN
27778,27779,ECOCYC:3-OCTAPRENYL-4-OHBENZOATE-DECARBOX-RXN
27782,27783,ECOCYC:4OHBENZOATE-OCTAPRENYLTRANSFER-RXN
27786,27787,ECOCYC:2OXOGLUTARATEDEH-RXN
27790,27791,ECOCYC:2-OCTAPRENYLPHENOL-HYDROX-RXN
27798,27799,ECOCYC:RXN-8992
27834,27836,ECOCYC:R601-RXN
29215,29216,ECOCYC:R601-RXN
27846,27847,ECOCYC:RXN-10040
27858,27859,ECOCYC:RXN-14064
27866,27867,ECOCYC:RXN0-5216
27878,27879,ECOCYC:RXN-14091
27882,27883,ECOCYC:RXN-14112
27886,27887,ECOCYC:RXN-14113
27890,27891,ECOCYC:RXN-14115
27894,27895,ECOCYC:RXN-14522
27898,27899,ECOCYC:RXN-14126
27914,27915,ECOCYC:RXN0-3543
27958,27959,ECOCYC:RXN0-361
27966,27967,ECOCYC:RXN0-5507
27970,27971,ECOCYC:RXN0-5183
27982,27983,ECOCYC:RXN-12093
27986,27988,ECOCYC:RXN0-4281
27990,27991,ECOCYC:RXN0-382
27994,27995,ECOCYC:RXN0-363
28006,28007,ECOCYC:RXN0-301
28018,28019,ECOCYC:RXN0-1661
28022,28023,ECOCYC:RXN-5741
28026,28028,ECOCYC:UDPREDUCT-RXN
28030,28032,ECOCYC:GDPREDUCT-RXN
28038,28040,ECOCYC:CDPREDUCT-RXN
28042,28043,ECOCYC:PYRUVDEH-RXN
28046,28047,ECOCYC:PTAALT-RXN
28050,28051,ECOCYC:RXN-5822
28054,28055,ECOCYC:KETOBUTFORMLY-RXN
28062,28063,ECOCYC:KDOTRANS2-RXN
28066,28067,ECOCYC:KDOTRANS-RXN
28070,28071,ECOCYC:HEMEOSYN-RXN
28090,28091,ECOCYC:GLCNACPTRANS-RXN
28094,28095,ECOCYC:UNDECAPRENYL-DIPHOSPHATASE-RXN
28098,28099,ECOCYC:GDPPYPHOSKIN-RXN
28102,28103,ECOCYC:GDPMANMANHYDRO-RXN
28150,28151,ECOCYC:SPERMACTRAN-RXN
28162,28163,ECOCYC:CYTIDINEKIN-RXN
28186,28187,ECOCYC:AMACETOXID-RXN
28190,28191,ECOCYC:ADDALT-RXN
28206,28207,ECOCYC:DURIDKI-RXN
28222,28223,ECOCYC:RXN0-704
28270,28271,ECOCYC:RXN0-7165
28330,28331,ECOCYC:RXN0-5073
28334,28335,ECOCYC:RXN0-384
28342,28343,ECOCYC:RXN0-1602
28362,28363,ECOCYC:RXN0-385
28366,28367,ECOCYC:UDPMANACATRANS-RXN
28370,28372,ECOCYC:PEPCARBOX-RXN
28374,28375,ECOCYC:UDP-NACMURALGLDAPAALIG-RXN
28378,28379,ECOCYC:RXN0-962
28386,28387,ECOCYC:PHOSNACMURPENTATRANS-RXN
28398,28399,ECOCYC:RXN0-961
28402,28403,ECOCYC:RXN0-5118
28406,28407,ECOCYC:RXN0-5074
28410,28411,ECOCYC:RXN0-3922
42340,42341,ECOCYC:RXN0-3922
28414,28415,ECOCYC:RXN0-3921
28418,28419,ECOCYC:RXN0-3601
28426,28427,ECOCYC:RXN0-304
28434,28435,ECOCYC:MYRPALMTRAN-RXN
28438,28439,ECOCYC:MYRISTOYLACYLTRAN-RXN
28442,28443,ECOCYC:LAUROYLACYLTRAN-RXN
28446,28448,ECOCYC:TRANS-RXN0-448
28450,28452,ECOCYC:TRANS-RXN0-418
28454,28456,ECOCYC:TRANS-RXN0-417
28458,28460,ECOCYC:TRANS-RXN0-240
28462,28464,ECOCYC:TRANS-RXN0-214
28466,28468,ECOCYC:TRANS-RXN0-213
28470,28472,ECOCYC:TRANS-RXN0-205
28486,28488,ECOCYC:TRANS-RXN-8
28490,28492,ECOCYC:TRANS-RXN-3
28494,28496,ECOCYC:DIMESULFREDUCT-RXN
29207,29208,ECOCYC:DIMESULFREDUCT-RXN
28510,28511,ECOCYC:RXN0-5295
28514,28515,ECOCYC:LCARNCOALIG-RXN
28518,28519,ECOCYC:RXN0-4361
28530,28531,ECOCYC:XMPXAN-RXN
28534,28535,ECOCYC:RXN0-5107
28538,28539,ECOCYC:RXN0-5061
28570,28571,ECOCYC:ENTF-RXN
28578,28580,ECOCYC:TRANS-RXN-141A
28582,28583,ECOCYC:DUDPKIN-RXN
28610,28611,ECOCYC:RXN0-1603
28659,28660,ECOCYC:BETAGALACTOSID-RXN
28663,28664,ECOCYC:ALPHAGALACTOSID-RXN
28667,28668,ECOCYC:RXN-8632
28671,28672,ECOCYC:COBALADENOSYLTRANS-RXN
28679,28680,ECOCYC:DHHB-METHYLTRANSFER-RXN
28699,28701,ECOCYC:RXN0-16
28707,28709,ECOCYC:RXN0-10
28727,28728,ECOCYC:TRANS-RXN0-280
28739,28740,ECOCYC:TRANS-RXN0-244
28743,28745,ECOCYC:TRANS-RXN0-239
28747,28749,ECOCYC:TRANS-RXN0-206
28755,28756,ECOCYC:RXN0-5260
28759,28760,ECOCYC:FUC4NACTRANS-RXN
28783,28784,ECOCYC:RXN-6622
28795,28797,ECOCYC:RXN0-6555
28803,28804,ECOCYC:RXN0-5214
28811,28813,ECOCYC:TRANS-RXN0-235
28839,28840,ECOCYC:TRANS-RXN0-200
28911,28913,ECOCYC:TRANS-RXN-58
28983,28985,ECOCYC:TRANS-RXN-137
28991,28993,ECOCYC:RXN0-0
29023,29025,ECOCYC:TRANS-RXN-20
29035,29036,ECOCYC:ABC-13-RXN
29039,29040,ECOCYC:TRANS-RXN0-222
29047,29048,ECOCYC:RXN0-5256
29063,29064,ECOCYC:FORMATEDEHYDROG-RXN
29119,29120,ECOCYC:RXN0-6369
29127,29128,ECOCYC:RXN-16471
29135,29136,ECOCYC:RXN0-3501
29171,29173,ECOCYC:RXN-20148
29219,29220,ECOCYC:RXN-15740
29231,29233,ECOCYC:TRANS-RXN-14
29271,29272,ECOCYC:RXN0-5264
29279,29280,ECOCYC:RXN0-5264
29319,29320,ECOCYC:RXN-14160
29343,29345,ECOCYC:TRANS-RXN-106A
29351,29353,ECOCYC:RXN0-12
29355,29356,ECOCYC:RXN-14143
29359,29360,ECOCYC:RXN-14025
29363,29364,ECOCYC:RXN0-5292
29367,29368,ECOCYC:RXN-14026
29371,29372,ECOCYC:RXN-14161
29375,29376,ECOCYC:AMP-DEPHOSPHORYLATION-RXN
29379,29380,ECOCYC:RXN-14142
29387,29388,ECOCYC:RXN-12195
29395,29396,ECOCYC:RXN-14139
29399,29400,ECOCYC:RXN0-6382
29403,29404,ECOCYC:OCTAPRENYL-METHYL-METHOXY-BENZOQ-OH-RXN
29407,29408,ECOCYC:2-OCTAPRENYL-6-METHOXYPHENOL-HYDROX-RXN
29419,29420,ECOCYC:TRANS-RXN-101
29427,29428,ECOCYC:TRANS-RXN-100
29455,29456,ECOCYC:TRANS-RXN0-495
29563,29564,ECOCYC:RXN0-2361
29655,29656,ECOCYC:RXN0-1924
29659,29660,ECOCYC:RXN0-1923
29703,29704,ECOCYC:TRANS-RXN0-269
29715,29716,ECOCYC:RXN-13418
29723,29725,ECOCYC:RXN0-1982
29731,29733,ECOCYC:RXN0-1741
29743,29745,ECOCYC:TRANS-RXN0-284
29747,29749,ECOCYC:TRANS-RXN0-282
29751,29753,ECOCYC:TRANS-RXN0-281
29755,29757,ECOCYC:TRANS-RXN0-278
29759,29761,ECOCYC:TRANS-RXN0-272
29763,29764,ECOCYC:TRANS-RXN0-268
29767,29768,ECOCYC:TRANS-RXN0-202
29771,29772,ECOCYC:RXN-22326
29779,29780,ECOCYC:RXN0-4522
29783,29784,ECOCYC:RXN0-3
32795,32796,ECOCYC:RXN0-3
29787,29788,ECOCYC:RXN0-21
29791,29792,ECOCYC:RXN0-11
29795,29796,ECOCYC:ABC-63-RXN
29799,29800,ECOCYC:ABC-42-RXN
29803,29804,ECOCYC:ABC-36-RXN
29807,29808,ECOCYC:ABC-35-RXN
29811,29812,ECOCYC:ABC-32-RXN
29815,29816,ECOCYC:ABC-26-RXN
29819,29820,ECOCYC:ABC-15-RXN
29827,29829,ECOCYC:TRANS-RXN-141
29831,29833,ECOCYC:TRANS-RXN-141B
29839,29841,ECOCYC:RXN0-7021
29859,29860,ECOCYC:RXN0-6550
29871,29872,ECOCYC:ABC-7-RXN
29875,29876,ECOCYC:RXN-14136
29879,29880,ECOCYC:ABC-4-RXN
29883,29884,ECOCYC:ABC-37-RXN
29887,29888,ECOCYC:ABC-3-RXN
29891,29892,ECOCYC:ABC-14-RXN
29895,29896,ECOCYC:ABC-12-RXN
29899,29900,ECOCYC:ABC-33-RXN
29903,29904,ECOCYC:ABC-28-RXN
29907,29908,ECOCYC:RXN-14073
29915,29916,ECOCYC:RXN0-5120
29919,29920,ECOCYC:RXN0-5121
29923,29924,ECOCYC:RXN0-5122
29931,29932,ECOCYC:RXN0-5123
29935,29937,ECOCYC:TRANS-RXN-116
29959,29960,ECOCYC:RXN0-5124
29979,29981,ECOCYC:TRANS-RXN-108C
29995,29996,ECOCYC:ABC-25-RXN
29999,30000,ECOCYC:ABC-24-RXN
30003,30004,ECOCYC:RXN0-5125
30007,30008,ECOCYC:ABC-2-RXN
30011,30012,ECOCYC:ABC-18-RXN
60156,60157,ECOCYC:ABC-18-RXN
30015,30016,ECOCYC:RXN0-5126
30019,30020,ECOCYC:RXN0-5127
30043,30044,ECOCYC:RXN-9772
30055,30056,ECOCYC:RXN-16000
30063,30064,ECOCYC:ADOMET-DMK-METHYLTRANSFER-RXN
30083,30084,ECOCYC:RXN0-2945
30099,30100,ECOCYC:DMK-RXN
30111,30112,ECOCYC:RXN-20025
30119,30120,ECOCYC:3.1.2.21-RXN
30147,30148,ECOCYC:RXN-8506
30183,30184,ECOCYC:RXN0-5229
30187,30188,ECOCYC:DIHYDROOROTATE-DEHYDROGENASE-RXN
30235,30236,ECOCYC:RXN-14116
30251,30252,ECOCYC:RXN0-5268
30263,30264,ECOCYC:RXN-3521
30267,30268,ECOCYC:RXN-3523
30275,30276,ECOCYC:RXN-8667
30299,30300,ECOCYC:RXN-12353
30367,30368,ECOCYC:RXN-8770
30571,30572,ECOCYC:ENTMULTI-RXN
30755,30756,ECOCYC:RXN-14196
30815,30816,ECOCYC:RXN-5841
31115,31116,ECOCYC:RXN0-7192
31331,31332,ECOCYC:RXN-8344
31335,31336,ECOCYC:RXN0-6254
31443,31444,ECOCYC:RXN0-6541
31451,31452,ECOCYC:CARDIOLIPSYN-RXN
31575,31576,ECOCYC:RXN-11396
31583,31584,ECOCYC:RXN0-6957
31587,31588,ECOCYC:RXN0-6444
31595,31596,ECOCYC:RXN-12896
31599,31600,ECOCYC:RXN-12886
31603,31604,ECOCYC:RXN0-6460
32063,32064,ECOCYC:RXN-12816
32155,32156,ECOCYC:RXN0-1342
32159,32160,ECOCYC:RXN-12104
32215,32216,ECOCYC:RXN-12752
32223,32224,ECOCYC:RXN0-6727
32227,32228,ECOCYC:RXN-13142
32235,32236,ECOCYC:RXN-13141
32271,32272,ECOCYC:RXN-13158
32275,32276,ECOCYC:RXN-13179
32459,32460,ECOCYC:RXN-13403
32675,32676,ECOCYC:TREHALA-RXN
32747,32749,ECOCYC:TRANS-RXN0-476
32783,32784,ECOCYC:TRANS-RXN-283
32807,32809,ECOCYC:TRANS-RXN-496
33055,33056,ECOCYC:RXN0-6427
33163,33165,ECOCYC:TRANS-RXN0-481
33239,33240,ECOCYC:RXN-14249
33307,33308,ECOCYC:RXN0-2522
33363,33364,ECOCYC:TRANS-RXN-156
33367,33368,ECOCYC:TRANS-RXN-157
33371,33372,ECOCYC:TRANS-RXN-168
33387,33388,ECOCYC:RXN0-5217
33399,33400,ECOCYC:RXN0-17
33423,33424,ECOCYC:TRANS-RXN-155B
33751,33752,ECOCYC:PGPPHOSPHA-RXN
33763,33764,ECOCYC:TRANSENOYLCOARED-RXN
33799,33800,ECOCYC:HISTOLDEHYD-RXN
33803,33804,ECOCYC:HISTALDEHYD-RXN
34079,34081,ECOCYC:RXN0-5223
34243,34244,ECOCYC:RXN0-262
34443,34444,ECOCYC:TDPFUCACTRANS-RXN
34539,34540,ECOCYC:RXN0-6576
34767,34768,ECOCYC:RXN-6321
34799,34801,ECOCYC:RXN0-6512
34811,34813,ECOCYC:RXN0-6677
34819,34821,ECOCYC:RXN0-6676
34843,34844,ECOCYC:RXN0-6368
34847,34848,ECOCYC:RXN0-6367
34871,34873,ECOCYC:TRANS-RXN0-459
34875,34876,ECOCYC:RXN0-6511
34883,34884,ECOCYC:TRANS-RXN0-478
34895,34896,ECOCYC:TRANS-RXN0-479
34903,34904,ECOCYC:RXN-12864
34935,34936,ECOCYC:RXN0-5208
34943,34944,ECOCYC:TRANS-RXN-1531
34947,34948,ECOCYC:RXN0-6452
34955,34956,ECOCYC:TRANS-RXN0-461
35047,35048,ECOCYC:RXN-21563
35063,35064,ECOCYC:PYRAZIN-RXN
35071,35072,ECOCYC:TRANS-RXN0-500
35083,35084,ECOCYC:RXN0-7001
35087,35088,ECOCYC:RXN0-7002
35155,35156,ECOCYC:RXN-10015
35159,35160,ECOCYC:RXN-10017
35323,35325,ECOCYC:RXN-14014
35331,35333,ECOCYC:RXN-14014
35371,35372,ECOCYC:RXN0-2001
35495,35496,ECOCYC:RXN0-5040
35523,35524,ECOCYC:RXN0-5101
35543,35544,ECOCYC:RXN0-6562
35587,35588,ECOCYC:RXN0-5187
35603,35604,ECOCYC:RXN0-5186
35615,35617,ECOCYC:RXN0-5213
36163,36164,ECOCYC:NICOTINATEPRIBOSYLTRANS-RXN
36167,36168,ECOCYC:RXN0-3741
36339,36340,ECOCYC:RXN-14480
36799,36800,ECOCYC:NUCLEOSIDE-DIPHOSPHATASE-RXN
64920,64921,ECOCYC:NUCLEOSIDE-DIPHOSPHATASE-RXN
36899,36900,ECOCYC:RXN-12458
37063,37064,ECOCYC:RXN-14481
37067,37068,ECOCYC:RXN0-5063
37087,37088,ECOCYC:RXN0-6366
37351,37352,ECOCYC:RXN-14511
37359,37360,ECOCYC:TRANS-RXN-167A
37743,37744,ECOCYC:RXN-16937
38867,38868,ECOCYC:RXN-11833
38871,38872,ECOCYC:RXN-11834
38875,38876,ECOCYC:RXN-11835
39967,39968,ECOCYC:RXN-15121
39975,39976,ECOCYC:RXN-15123
40439,40440,ECOCYC:RXN-15296
40443,40444,ECOCYC:RXN-15297
40511,40513,ECOCYC:RXN-15299
40515,40516,ECOCYC:RXN-15298
40527,40528,ECOCYC:RXN0-5266
40663,40664,ECOCYC:RXN-15125
40667,40668,ECOCYC:RXN-15124
40671,40672,ECOCYC:RXN-15127
40675,40676,ECOCYC:RXN-15122
41556,41557,ECOCYC:RXN0-7090
41808,41809,ECOCYC:4.2.1.58-RXN
41820,41821,ECOCYC:RXN-9516
41828,41829,ECOCYC:RXN-9520
41836,41837,ECOCYC:RXN-9523
41852,41853,ECOCYC:RXN-9527
41860,41861,ECOCYC:RXN-9655
41868,41869,ECOCYC:RXN-9531
41876,41877,ECOCYC:RXN-9533
41884,41885,ECOCYC:RXN-9535
41892,41893,ECOCYC:RXN-9537
41900,41901,ECOCYC:RXN-9539
41916,41917,ECOCYC:RXN-9632
41932,41933,ECOCYC:RXN-9549
42288,42289,ECOCYC:RXN-11484
42296,42297,ECOCYC:1-ACYLGLYCEROL-3-P-ACYLTRANSFER-RXN
42300,42301,ECOCYC:RXN-10462
42436,42437,ECOCYC:RXN0-2461
42452,42453,ECOCYC:RXN-10720
42484,42485,ECOCYC:TRANS-RXN-169
42520,42521,ECOCYC:RXN-11836
42524,42525,ECOCYC:RXN-11837
42528,42529,ECOCYC:RXN-11838
42532,42533,ECOCYC:RXN-11839
42536,42537,ECOCYC:RXN-11840
42540,42541,ECOCYC:RXN-11841
42544,42545,ECOCYC:RXN-11842
42548,42549,ECOCYC:RXN-11843
42580,42581,ECOCYC:RXN0-2161
42620,42621,ECOCYC:RXN-12895
42624,42625,ECOCYC:RXN-12894
42628,42629,ECOCYC:RXN-11600
42700,42701,ECOCYC:RXN-11483
42708,42709,ECOCYC:TRNA-GUANINE-N7--METHYLTRANSFERASE-RXN
42712,42713,ECOCYC:TRNA-URACIL-5--METHYLTRANSFERASE-RXN
42716,42717,ECOCYC:RXN0-2281
42720,42721,ECOCYC:RXN-11845
42732,42733,ECOCYC:RXN-11578
42736,42737,ECOCYC:RXN-11576
42740,42741,ECOCYC:RXN-11574
42744,42745,ECOCYC:RXN-11635
42748,42749,ECOCYC:RXN-11591
42752,42753,ECOCYC:RXN-11592
42756,42757,ECOCYC:RXN-11593
42780,42781,ECOCYC:RXN-11634
42788,42789,ECOCYC:RXN-11589
42896,42897,ECOCYC:RXN-14992
42900,42901,ECOCYC:RXN-11573
42908,42909,ECOCYC:RXN-11601
42912,42913,ECOCYC:RXN-11602
42916,42917,ECOCYC:RXN-11586
43332,43333,ECOCYC:RXN-11586
42920,42921,ECOCYC:RXN-11598
42924,42925,ECOCYC:RXN-11637
42928,42929,ECOCYC:RXN-11638
42932,42933,ECOCYC:RXN-11866
42936,42937,ECOCYC:RXN-11867
42972,42973,ECOCYC:RXN0-7012
43008,43009,ECOCYC:RXN-15581
43020,43021,ECOCYC:RXN-15131
43036,43037,ECOCYC:RXN-15129
43084,43085,ECOCYC:RXN-11860
43088,43089,ECOCYC:RXN-11865
43108,43110,ECOCYC:RXN-12130
43160,43161,ECOCYC:RXN-12480
43220,43221,ECOCYC:RXN0-6731
43340,43341,ECOCYC:RXN-9788
43344,43345,ECOCYC:RXN-9789
43524,43525,ECOCYC:RXN-16001
43604,43606,ECOCYC:RXN-15878
43616,43617,ECOCYC:RXN-11361
43620,43621,ECOCYC:RXN-16003
43624,43625,ECOCYC:RXN-16002
43636,43637,ECOCYC:RXN0-7078
43716,43717,ECOCYC:GSDEADENYLATION-RXN
43736,43737,ECOCYC:RXN0-6998
43744,43745,ECOCYC:RXN-1961
43752,43753,ECOCYC:RXN-18434
43756,43757,ECOCYC:2.3.1.128-RXN
43760,43761,ECOCYC:RXN0-5231
43772,43773,ECOCYC:RXN0-6950
43788,43789,ECOCYC:RXN0-5418
43892,43893,ECOCYC:RXN-12588
44012,44013,ECOCYC:PALMITOTRANS-RXN
44360,44361,ECOCYC:RXN-15216
44368,44369,ECOCYC:RXN0-3381
44372,44373,ECOCYC:RXN0-3381
44736,44738,ECOCYC:RXN-15943
44900,44901,ECOCYC:GALACTONOLACTONASE-RXN
44904,44905,ECOCYC:RXN-15312
45020,45021,ECOCYC:RXN0-1241
45184,45185,ECOCYC:RXN-17900
45468,45469,ECOCYC:RXN-16281
45816,45817,ECOCYC:L-LACTDEHYDROGFMN-RXN
45948,45949,ECOCYC:RXN0-7160
45996,45997,ECOCYC:RXN-11193
46012,46013,ECOCYC:MALATE-DEHYDROGENASE-ACCEPTOR-RXN
46228,46229,ECOCYC:RXN-15889
46744,46745,ECOCYC:RXN-16909
46748,46749,ECOCYC:RXN-16910
46864,46865,ECOCYC:RXN0-1842
46908,46909,ECOCYC:RXN0-4581
47720,47721,ECOCYC:RXN0-6708
47724,47725,ECOCYC:RXN-19024
47844,47845,ECOCYC:RXN-12611
47992,47994,ECOCYC:TRANS-RXN0-277
48228,48229,ECOCYC:RXN-17363
48404,48405,ECOCYC:ENTDB-RXN
48600,48601,ECOCYC:RXN-16381
48604,48605,ECOCYC:RXN0-6442
48612,48613,ECOCYC:RXN-12473
48868,48869,ECOCYC:RXN0-4401
49232,49233,ECOCYC:TRANS-RXN-165
49240,49241,ECOCYC:TRANS-RXN-167
49248,49249,ECOCYC:TRANS-RXN-161
49252,49253,ECOCYC:TRANS-RXN-158
49252,49253,ECOCYC:TRANS-RXN0-582
49288,49289,ECOCYC:RXN-17127
49452,49453,ECOCYC:RXN-17700
49576,49577,ECOCYC:RXN-8340
49580,49581,ECOCYC:RXN-17809
50416,50417,ECOCYC:RXN-17846
50756,50758,ECOCYC:FLAVONADPREDUCT-RXN
51220,51221,ECOCYC:GST-RXN
51292,51294,ECOCYC:RXN-17652
51296,51298,ECOCYC:RXN-17663
51428,51429,ECOCYC:RXN0-7014
51432,51433,ECOCYC:RXN-17960
51476,51477,ECOCYC:RIBONUCLEOSIDE-TRIP-REDUCT-RXN
51584,51586,ECOCYC:CROBETREDUCT-RXN
51616,51617,ECOCYC:RXN0-745
51620,51621,ECOCYC:RXN0-723
51624,51625,ECOCYC:RXN0-746
51628,51629,ECOCYC:RXN0-724
51664,51665,ECOCYC:RXN0-275
51672,51673,ECOCYC:RXN0-7173
51692,51693,ECOCYC:RXN0-7066
51728,51729,ECOCYC:RXN0-7249
51904,51905,ECOCYC:FORMYLTHFGLUSYNTH-RXN
52848,52849,ECOCYC:RXN0-7067
53428,53429,ECOCYC:RXN-17824
53708,53710,ECOCYC:DIENOYLCOAREDUCT-RXN
54080,54081,ECOCYC:RXN0-7167
54368,54369,ECOCYC:RXN0-2022
54728,54729,ECOCYC:RXN0-5055
55040,55041,ECOCYC:2.3.1.179-RXN
55044,55045,ECOCYC:RXN0-5390
55636,55637,ECOCYC:RXN0-6435
55640,55641,ECOCYC:RXN-15915
55644,55645,ECOCYC:RXN-17943
55684,55685,ECOCYC:RXN-22713
55872,55874,ECOCYC:RXN0-5375
56136,56137,ECOCYC:PEROXID-RXN
56296,56297,ECOCYC:RXN-18702
56300,56301,ECOCYC:RXN-18703
56324,56325,ECOCYC:RXN-17823
56712,56713,ECOCYC:RXN0-20
56788,56789,ECOCYC:RXN-19340
56792,56793,ECOCYC:RXN-19334
56796,56797,ECOCYC:RXN-19335
56816,56817,ECOCYC:RIBOSYLPYRIMIDINE-NUCLEOSIDASE-RXN
57048,57049,ECOCYC:TRNA-S-TRANSFERASE-RXN
57060,57061,ECOCYC:RXN0-7013
57176,57177,ECOCYC:RXN-17629
57180,57181,ECOCYC:RXN-17631
57184,57185,ECOCYC:RXN-17633
57360,57361,ECOCYC:RXN-12754
57364,57365,ECOCYC:RXN-12753
57408,57410,ECOCYC:RXN-7632
57704,57706,ECOCYC:RXN-7632
57688,57689,ECOCYC:RXN-19342
57696,57697,ECOCYC:RXN-19343
58488,58489,ECOCYC:RXN-18258
58492,58493,ECOCYC:ABC-10-RXN
58500,58501,ECOCYC:RXN-18376
58664,58665,ECOCYC:RXN0-7319
58744,58745,ECOCYC:RXN0-7079
58912,58913,ECOCYC:ABC-9-RXN
59244,59245,ECOCYC:RXN-19911
59256,59257,ECOCYC:RXN0-6938
59260,59261,ECOCYC:RXN-20023
59264,59265,ECOCYC:RXN-20024
60172,60173,ECOCYC:RXN-20756
60176,60177,ECOCYC:RXN-20757
60384,60385,ECOCYC:RXN-14477
60556,60557,ECOCYC:RXN0-7253
61624,61625,ECOCYC:RXN0-7317
61632,61633,ECOCYC:RXN0-7318
61704,61705,ECOCYC:RXN-19474
61708,61709,ECOCYC:RXN-15890
61720,61721,ECOCYC:RXN-20680
61724,61726,ECOCYC:RXN-20682
62168,62169,ECOCYC:RXN-12543
62360,62361,ECOCYC:RXN-20707
62576,62577,ECOCYC:TRANS-RXN0-593
62580,62581,ECOCYC:TRANS-RXN-290
62620,62621,ECOCYC:1.11.1.15-RXN
62628,62629,ECOCYC:R4-RXN
62932,62933,ECOCYC:RXN-21270
63496,63497,ECOCYC:RXN0-5141
63640,63641,ECOCYC:RXN-22964
63680,63681,ECOCYC:RXN1ZN3-9
63684,63685,ECOCYC:RXN1ZN3-10
64872,64873,ECOCYC:DARABALDOL-RXN
65204,65205,ECOCYC:RXN-14255
65208,65209,ECOCYC:RXN-14251
65952,65953,ECOCYC:RXN0-6722
66592,66593,ECOCYC:4.2.99.18-RXN
66848,66849,ECOCYC:R170-RXN
67616,67617,ECOCYC:RXN-11397
67796,67797,ECOCYC:RXN-19924
68052,68053,ECOCYC:3.1.27.5-RXN
68056,68057,ECOCYC:RXN-17911
68076,68077,ECOCYC:RXN-17905
68080,68081,ECOCYC:RXN0-6566
68084,68085,ECOCYC:RXN-17935
68088,68089,ECOCYC:RXN-17936
68092,68093,ECOCYC:RXN-17910
68264,68266,ECOCYC:RXN-2881
68308,68309,ECOCYC:RXN-10940
68312,68313,ECOCYC:RXN-17495
68316,68317,ECOCYC:RXN-17489
68320,68321,ECOCYC:RXN-17490
68324,68325,ECOCYC:RXN-17493
69404,69405,ECOCYC:TRANS-RXN0-560
69695,69696,ECOCYC:NADH-DEHYDROGENASE-QUINONE-RXN
70027,70028,ECOCYC:RXN0-7114
70299,70300,ECOCYC:RXN-21400
70419,70420,ECOCYC:RXN0-5065
70427,70428,ECOCYC:RXN0-7104
70435,70436,ECOCYC:RXN-18738
70439,70440,ECOCYC:RXN-18738
70443,70444,ECOCYC:RXN-18737
70447,70448,ECOCYC:RXN-18737
70451,70452,ECOCYC:RXN0-986
70463,70464,ECOCYC:RXN0-7275
70507,70508,ECOCYC:RXN0-7309
70727,70728,ECOCYC:RXN-17701
70935,70936,ECOCYC:TRANS-RXN0-569
71195,71196,ECOCYC:TRANS-RXN-346
71827,71829,ECOCYC:TRANS-RXN0-550
72531,72532,ECOCYC:TRANS-RXN0-541
72683,72684,ECOCYC:TRANS-RXN0-527
74091,74092,ECOCYC:RXN-22461
74099,74100,ECOCYC:RXN-22462
76211,76212,ECOCYC:TRANS-RXN0-565
76255,76256,ECOCYC:RXN-21279
76407,76408,ECOCYC:3.4.13.9-RXN
76519,76520,ECOCYC:RXN-13031
78523,78524,ECOCYC:RXN0-7368
78615,78616,ECOCYC:RXN-22679
78619,78620,ECOCYC:RXN-23898
78683,78684,ECOCYC:RXN0-5510
78687,78688,ECOCYC:RXN-24141
79031,79032,ECOCYC:RXN-24142
79035,79036,ECOCYC:RXN-24143
81467,81468,ECOCYC:RXN-20429
81675,81676,ECOCYC:RXN-24716
81683,81684,ECOCYC:RXN-24717
81691,81692,ECOCYC:RXN-24718
10164,10167,ECOCYC:2PGADEHYDRAT-RXN
10228,10231,ECOCYC:ACONITATEDEHYDR-RXN
10264,10267,ECOCYC:ALDOSE-1-EPIMERASE-RXN
10272,10275,ECOCYC:DIACYLGLYKIN-RXN
10300,10303,ECOCYC:GAPOXNPHOSPHN-RXN
10304,10307,ECOCYC:ACYLGPEACYLTRANS-RXN
10336,10339,ECOCYC:RXN-14047
10368,10371,ECOCYC:RFFTRANS-RXN
10380,10383,ECOCYC:OROPRIBTRANS-RXN
10508,10511,ECOCYC:1TRANSKETO-RXN
22096,22099,ECOCYC:2.7.7.8-RXN
10736,10739,ECOCYC:ALCOHOL-DEHYDROG-GENERIC-RXN
10676,10679,ECOCYC:RXN-13163
10748,10751,ECOCYC:RXN0-5224
10844,10847,ECOCYC:PYROXALTRANSAM-RXN
10892,10895,ECOCYC:3-ISOPROPYLMALDEHYDROG-RXN
11140,11143,ECOCYC:PHOSMANMUT-RXN
11352,11355,ECOCYC:ACETATEKIN-RXN
11612,11615,ECOCYC:GLUTDEHYD-RXN
11632,11635,ECOCYC:SELENOCYSTEINE-LYASE-RXN
11692,11695,ECOCYC:PYRNUTRANSHYDROGEN-RXN
11708,11711,ECOCYC:IMP-DEHYDROG-RXN
11816,11819,ECOCYC:PGLUCISOM-RXN
11824,11827,ECOCYC:3-CH3-2-OXOBUTANOATE-OH-CH3-XFER-RXN
11864,11867,ECOCYC:1.5.8.2-RXN
56856,56859,ECOCYC:CARBOXYLATE-REDUCTASE-RXN
11952,11955,ECOCYC:RXN0-305
12172,12175,ECOCYC:GLUCOSAMINE-6-P-DEAMIN-RXN
12268,12271,ECOCYC:PUTTRANSAM-RXN
12276,12279,ECOCYC:RXN0-2301
12356,12359,ECOCYC:MANNPISOM-RXN
12460,12463,ECOCYC:FUMHYDR-RXN
12593,12596,ECOCYC:PHOSPHAGLYPSYN-RXN
12641,12644,ECOCYC:PGLYCDEHYDROG-RXN
12765,12768,ECOCYC:PYRUFLAVREDUCT-RXN
12813,12816,ECOCYC:GLUTRACE-RXN
12821,12824,ECOCYC:DEOXYRIBOSE-P-ALD-RXN
12973,12976,ECOCYC:ADENYL-KIN-RXN
13049,13052,ECOCYC:GLUCUROISOM-RXN
13233,13236,ECOCYC:RXN0-5199
19805,19808,ECOCYC:PNP-RXN
13245,13248,ECOCYC:ISOCIT-CLEAV-RXN
13429,13432,ECOCYC:2.7.7.60-RXN
13677,13680,ECOCYC:RIBULP3EPIM-RXN
13717,13720,ECOCYC:DXPREDISOM-RXN
13769,13772,ECOCYC:GLYCDEH-RXN
13849,13852,ECOCYC:DARABISOM-RXN
13989,13992,ECOCYC:GALACTURIDYLYLTRANS-RXN
14081,14084,ECOCYC:RXN0-2381
17533,17536,ECOCYC:2.6.1.57-RXN
14269,14272,ECOCYC:QOR-RXN
14329,14332,ECOCYC:PSERTRANSAM-RXN
14657,14660,ECOCYC:RIB5PISOM-RXN
14717,14720,ECOCYC:DAHPSYN-RXN
14729,14732,ECOCYC:F16ALDOLASE-RXN
14801,14804,ECOCYC:PHOSGLYPHOS-RXN
14821,14824,ECOCYC:ARABISOM-RXN
14829,14832,ECOCYC:ACSERLY-RXN
15045,15048,ECOCYC:RXN-8629
15053,15056,ECOCYC:GART-RXN
15093,15096,ECOCYC:TYROSINE-AMINOTRANSFERASE-RXN
15137,15140,ECOCYC:1.1.1.251-RXN
15209,15212,ECOCYC:TARTRATE-DEHYDROGENASE-RXN
15393,15396,ECOCYC:DIAMINOPIMEPIM-RXN
15481,15484,ECOCYC:GLYOHMETRANS-RXN
15609,15612,ECOCYC:PRPPSYN-RXN
15713,15716,ECOCYC:GALACTOACETYLTRAN-RXN
15729,15732,ECOCYC:MANNONOXIDOREDUCT-RXN
15877,15880,ECOCYC:PYRDAMPTRANS-RXN
15901,15904,ECOCYC:3PGAREARR-RXN
15933,15936,ECOCYC:LACTALDREDUCT-RXN
16021,16024,ECOCYC:OXALOACETATE-TAUTOMERASE-RXN
16037,16040,ECOCYC:THYM-PHOSPH-RXN
16237,16240,ECOCYC:PEPTIDYLPROLYL-ISOMERASE-RXN
16249,16252,ECOCYC:GLUCOSE-6-PHOSPHATE-1-EPIMERASE-RXN
16293,16296,ECOCYC:3-ISOPROPYLMALISOM-RXN
16545,16548,ECOCYC:RXN0-1382
16573,16576,ECOCYC:PSERTRANSAMPYR-RXN
16601,16604,ECOCYC:ASPARTASE-RXN
16809,16812,ECOCYC:METHYLISOCITRATE-LYASE-RXN
16861,16864,ECOCYC:DAPASYN-RXN
16913,16916,ECOCYC:PHOSPHASERSYN-RXN
16953,16956,ECOCYC:SUCCORNTRANSAM-RXN
17053,17056,ECOCYC:TRANSALDOL-RXN
17213,17216,ECOCYC:UDPGLCNACEPIM-RXN
17233,17236,ECOCYC:FUCISOM-RXN
17237,17240,ECOCYC:FADSYN-RXN
17265,17268,ECOCYC:ACONITATE-DELTA-ISOMERASE-RXN
17433,17436,ECOCYC:CHD-RXN
17473,17476,ECOCYC:GTP-CYCLOHYDRO-I-RXN
17661,17664,ECOCYC:SUCCCOASYN-RXN
17813,17816,ECOCYC:ALTRO-OXIDOREDUCT-RXN
17849,17852,ECOCYC:3-HYDROXBUTYRYL-COA-DEHYDRATASE-RXN
17941,17944,ECOCYC:4.2.1.99-RXN
18133,18136,ECOCYC:SULFATE-ADENYLYLTRANS-RXN
18189,18192,ECOCYC:GLYCOGENSYN-RXN
18217,18220,ECOCYC:DIAMTRANSAM-RXN
18289,18292,ECOCYC:D--TARTRATE-DEHYDRATASE-RXN
18321,18324,ECOCYC:BRANCHED-CHAINAMINOTRANSFERLEU-RXN
18337,18340,ECOCYC:RXN0-5398
18445,18448,ECOCYC:IMPCYCLOHYDROLASE-RXN
18473,18476,ECOCYC:ATPPHOSPHORIBOSYLTRANS-RXN
18585,18588,ECOCYC:TRIOSEPISOMERIZATION-RXN
18793,18796,ECOCYC:PPENTOMUT-RXN
18845,18848,ECOCYC:RXN0-5289
18965,18968,ECOCYC:UROGENIIISYN-RXN
18981,18984,ECOCYC:1.1.1.168-RXN
18985,18988,ECOCYC:ISOCHORSYN-RXN
19157,19160,ECOCYC:XYLONATE-DEHYDRATASE-RXN
19381,19384,ECOCYC:RXN-8642
19453,19456,ECOCYC:ALANINE-AMINOTRANSFERASE-RXN
19513,19516,ECOCYC:ORNCARBAMTRANSFER-RXN
19521,19524,ECOCYC:PHOSACETYLTRANS-RXN
19573,19576,ECOCYC:POLYPHOSPHATE-KINASE-RXN
19629,19632,ECOCYC:ISOCITDEH-RXN
19661,19664,ECOCYC:MANNPDEHYDROG-RXN
19689,19692,ECOCYC:RHAMNULPALDOL-RXN
19837,19840,ECOCYC:SORB6PDEHYDROG-RXN
20109,20112,ECOCYC:RXN0-1401
20113,20116,ECOCYC:BETA-PHOSPHOGLUCOMUTASE-RXN
20189,20192,ECOCYC:DIHYDROURACIL-DEHYDROGENASE-NAD%2b-RXN
20249,20252,ECOCYC:ALARACECAT-RXN
20277,20280,ECOCYC:2.3.1.118-RXN
20553,20556,ECOCYC:METHYLMALONYL-COA-EPIM-RXN
20609,20612,ECOCYC:4.1.2.28-RXN
20736,20739,ECOCYC:AKBLIG-RXN
20780,20783,ECOCYC:GUANYL-KIN-RXN
20964,20967,ECOCYC:2.6.1.7-RXN
21036,21039,ECOCYC:ACETYL-COA-ACETYLTRANSFER-RXN
21096,21099,ECOCYC:3-DEHYDROQUINATE-DEHYDRATASE-RXN
21196,21199,ECOCYC:HOMOCYSMET-RXN
21256,21259,ECOCYC:2.5.1.19-RXN
21432,21435,ECOCYC:MALATE-DEH-RXN
21588,21591,ECOCYC:N-ACETYLGLUTPREDUCT-RXN
21712,21715,ECOCYC:PHENYLSERINE-ALDOLASE-RXN
21796,21799,ECOCYC:DTDPDEHYRHAMREDUCT-RXN
21824,21827,ECOCYC:ASPAMINOTRANS-RXN
22068,22071,ECOCYC:ACETOLACTREDUCTOISOM-RXN
22144,22147,ECOCYC:ACONITATEHYDR-RXN
22168,22171,ECOCYC:UDPGLUCEPIM-RXN
22192,22195,ECOCYC:AICARTRANSFORM-RXN
22368,22371,ECOCYC:RIBULPEPIM-RXN
22584,22587,ECOCYC:PROTOHEMEFERROCHELAT-RXN
22588,22591,ECOCYC:RXN-6423
22624,22627,ECOCYC:MHPELY-RXN
22812,22815,ECOCYC:METHYLENETHFDEHYDROG-NADP-RXN
22816,22819,ECOCYC:XYLISOM-RXN
22824,22827,ECOCYC:URA-PHOSPH-RXN
31763,31766,ECOCYC:R15-RXN
22888,22891,ECOCYC:METHYLMALONYL-COA-MUT-RXN
22912,22915,ECOCYC:VALINE-PYRUVATE-AMINOTRANSFER-RXN
23104,23107,ECOCYC:DARAB5PISOM-RXN
23148,23151,ECOCYC:PROPKIN-RXN
23160,23163,ECOCYC:RHAMNISOM-RXN
23284,23287,ECOCYC:IPPISOM-RXN
23288,23291,ECOCYC:ACETALD-DEHYDROG-RXN
23352,23355,ECOCYC:GABATRANSAM-RXN
23424,23427,ECOCYC:5.4.2.10-RXN
23536,23539,ECOCYC:PHOSPHOGLUCMUT-RXN
23568,23571,ECOCYC:5.3.3.14-RXN
23700,23703,ECOCYC:METHENYLTHFCYCLOHYDRO-RXN
23716,23719,ECOCYC:RXN-7931
23744,23747,ECOCYC:HISTAMINOTRANS-RXN
23880,23883,ECOCYC:2.7.3.9-RXN
23896,23899,ECOCYC:5.3.1.17-RXN
23904,23907,ECOCYC:GAMMA-GLUTAMYLTRANSFERASE-RXN
24020,24023,ECOCYC:ARGSUCCINLYA-RXN
24132,24135,ECOCYC:GALPMUT-RXN
24164,24167,ECOCYC:1.8.4.12-RXN
24232,24235,ECOCYC:1.1.1.127-RXN
24284,24287,ECOCYC:ASPARTATE-SEMIALDEHYDE-DEHYDROGENASE-RXN
24292,24295,ECOCYC:N-ACETYLTRANSFER-RXN
24296,24299,ECOCYC:DIHYDROOROT-RXN
24304,24307,ECOCYC:GCVP-RXN
24388,24391,ECOCYC:URPHOS-RXN
24464,24467,ECOCYC:DEHYDDEOXPHOSGALACT-ALDOL-RXN
24710,24713,ECOCYC:RXN0-1863
24789,24792,ECOCYC:MHPCHYDROL-RXN
24797,24800,ECOCYC:RXN-4821
24801,24804,ECOCYC:BRANCHED-CHAINAMINOTRANSFERILEU-RXN
24813,24816,ECOCYC:BRANCHED-CHAINAMINOTRANSFERVAL-RXN
26410,26413,ECOCYC:RXN0-4641
25152,25155,ECOCYC:RXN-10814
25257,25260,ECOCYC:NANE-RXN
25290,25293,ECOCYC:ALCOHOL-DEHYDROG-RXN
25432,25435,ECOCYC:RXN0-5304
25580,25583,ECOCYC:RXN0-5298
25584,25587,ECOCYC:RXN0-5306
25588,25591,ECOCYC:RXN-9951
25780,25783,ECOCYC:UDPMANNACADEHYDROG-RXN
26152,26155,ECOCYC:LUMAZINESYN-RXN
27626,27629,ECOCYC:2TRANSKETO-RXN
27630,27633,ECOCYC:GLYCOLALDREDUCT-RXN
27642,27645,ECOCYC:ADENPHOSPHOR-RXN
27646,27649,ECOCYC:INOPHOSPHOR-RXN
27658,27661,ECOCYC:D-PPENTOMUT-RXN
27702,27705,ECOCYC:GALACTUROISOM-RXN
27726,27729,ECOCYC:KDGALDOL-RXN
27738,27741,ECOCYC:DEOXYGUANPHOSPHOR-RXN
27742,27745,ECOCYC:DEOXYADENPHOSPHOR-RXN
27750,27753,ECOCYC:DEOXYINOPHOSPHOR-RXN
27806,27809,ECOCYC:ACETOACETYL-COA-TRANSFER-RXN
27814,27817,ECOCYC:RXN0-1981
27978,27981,ECOCYC:RXN0-5108
27998,28001,ECOCYC:RXN0-3542
28002,28005,ECOCYC:RXN0-313
28010,28013,ECOCYC:RXN0-268
28034,28037,ECOCYC:ADPREDUCT-RXN
28058,28061,ECOCYC:LYXISOM-RXN
28106,28109,ECOCYC:1.1.1.251-RXN
28234,28237,ECOCYC:SPONTPRO-RXN
28278,28281,ECOCYC:RXN0-279
28338,28341,ECOCYC:CARNDETRU-RXN
28346,28349,ECOCYC:H2NTPEPIM-RXN
28382,28385,ECOCYC:RXN0-963
28390,28393,ECOCYC:RXN0-4841
28394,28397,ECOCYC:RXN0-5228
28430,28433,ECOCYC:RXN0-303
28474,28477,ECOCYC:TRANS-RXN0-204
28478,28481,ECOCYC:TRANS-RXN0-203
28562,28565,ECOCYC:RXN0-5240
28675,28678,ECOCYC:ALDOSE1EPIM-RXN
28711,28714,ECOCYC:TRANS-RXN0-452
28715,28718,ECOCYC:TRANS-RXN0-451
28719,28722,ECOCYC:TRANS-RXN0-447
28731,28734,ECOCYC:TRANS-RXN0-270
28735,28738,ECOCYC:TRANS-RXN0-266
28751,28754,ECOCYC:GLYC3PDEHYDROG-RXN
28779,28782,ECOCYC:RXN0-6563
28787,28790,ECOCYC:RXN0-6564
28791,28794,ECOCYC:RXN0-6565
28819,28822,ECOCYC:TRANS-RXN0-228
28823,28826,ECOCYC:TRANS-RXN0-227
28827,28830,ECOCYC:TRANS-RXN0-211
28831,28834,ECOCYC:TRANS-RXN0-209
28835,28838,ECOCYC:TRANS-RXN0-201
28843,28846,ECOCYC:TRANS-RXN-99
28847,28850,ECOCYC:TRANS-RXN-94B
28851,28854,ECOCYC:TRANS-RXN-94A
28855,28858,ECOCYC:TRANS-RXN-94
28863,28866,ECOCYC:TRANS-RXN-82
28867,28870,ECOCYC:TRANS-RXN-24
28871,28874,ECOCYC:TRANS-RXN-81
28875,28878,ECOCYC:TRANS-RXN-77
28879,28882,ECOCYC:TRANS-RXN-76
28887,28890,ECOCYC:TRANS-RXN-71
28891,28894,ECOCYC:TRANS-RXN-69
28895,28898,ECOCYC:TRANS-RXN-68
28899,28902,ECOCYC:TRANS-RXN-62B
28903,28906,ECOCYC:TRANS-RXN-62A
28907,28910,ECOCYC:TRANS-RXN-61
28915,28918,ECOCYC:TRANS-RXN-57
28919,28922,ECOCYC:TRANS-RXN-261
28931,28934,ECOCYC:RXN-9983
28939,28942,ECOCYC:TRANS-RXN-31
28947,28950,ECOCYC:TRANS-RXN-40
28951,28954,ECOCYC:TRANS-RXN-10
28955,28958,ECOCYC:TRANS-RXN-35
28959,28962,ECOCYC:TRANS-RXN-30
28963,28966,ECOCYC:TRANS-RXN-29
28967,28970,ECOCYC:TRANS-RXN-118
28971,28974,ECOCYC:TRANS-RXN-27
28975,28978,ECOCYC:TRANS-RXN-262
28987,28990,ECOCYC:TRANS-RXN-25
28995,28998,ECOCYC:TRANS-RXN0-0244
28999,29002,ECOCYC:TRANS-RXN-242A
29003,29006,ECOCYC:TRANS-RXN-242
29011,29014,ECOCYC:TRANS-RXN-23
29015,29018,ECOCYC:TRANS-RXN-22
29019,29022,ECOCYC:TRANS-RXN-21
29027,29030,ECOCYC:TRANS-RXN-162
29031,29034,ECOCYC:TRANS-RXN-122
29091,29094,ECOCYC:NADH-DEHYDROG-A-RXN
29211,29214,ECOCYC:RXN0-18
29227,29230,ECOCYC:TRANS-RXN-142
29239,29242,ECOCYC:TRANS-RXN-132
29247,29250,ECOCYC:TRANS-RXN-130
29251,29254,ECOCYC:TRANS-RXN-129
29259,29262,ECOCYC:TRANS-RXN-127
29263,29266,ECOCYC:TRANS-RXN-126B
29267,29270,ECOCYC:TRANS-RXN-126A
29275,29278,ECOCYC:TRANS-RXN-126
29287,29290,ECOCYC:TRANS-RXN-122A
29295,29298,ECOCYC:TRANS-RXN-123
29303,29306,ECOCYC:TRANS-RXN-121
29323,29326,ECOCYC:TRANS-RXN-106
29327,29330,ECOCYC:TRANS-RXN-106B
29331,29334,ECOCYC:TRANS-RXN-121
29339,29342,ECOCYC:TRANS-RXN-121A
29347,29350,ECOCYC:TRANS-RXN-121C
29411,29414,ECOCYC:TRANS-RXN-105
29415,29418,ECOCYC:TRANS-RXN-104
29435,29438,ECOCYC:TRANS-RXN0-496
29439,29442,ECOCYC:RXN0-6
29443,29446,ECOCYC:RXN0-5202
29459,29462,ECOCYC:RXN0-5201
29467,29470,ECOCYC:TRANS-RXN-42
29567,29570,ECOCYC:RXN0-2501
29571,29574,ECOCYC:TRANS-RXN-181A
29575,29578,ECOCYC:RXN0-4083
29579,29582,ECOCYC:RXN0-2421
29583,29586,ECOCYC:RXN0-22
29615,29618,ECOCYC:AMYLOMALT-RXN
29651,29654,ECOCYC:RXN0-2162
29663,29666,ECOCYC:RXN-5076
29667,29670,ECOCYC:TRANS-RXN-145
29671,29674,ECOCYC:TRANS-RXN-144
29675,29678,ECOCYC:TRANS-RXN-131
29679,29682,ECOCYC:TRANS-RXN-1
29691,29694,ECOCYC:RXN0-5182
29699,29702,ECOCYC:TRANS-RXN0-273
29711,29714,ECOCYC:TRANS-RXN0-212
29835,29838,ECOCYC:TRANS-RXN-16
29855,29858,ECOCYC:RXN0-5227
29863,29866,ECOCYC:RXN-14074
29927,29930,ECOCYC:TRANS-RXN-117
29939,29942,ECOCYC:TRANS-RXN-114
29943,29946,ECOCYC:TRANS-RXN-113
29947,29950,ECOCYC:TRANS-RXN-112
29951,29954,ECOCYC:TRANS-RXN-108I
29955,29958,ECOCYC:TRANS-RXN-108H
29963,29966,ECOCYC:TRANS-RXN-108G
29967,29970,ECOCYC:TRANS-RXN-108F
29971,29974,ECOCYC:TRANS-RXN-108E
29975,29978,ECOCYC:TRANS-RXN-108D
29983,29986,ECOCYC:TRANS-RXN-108B
29987,29990,ECOCYC:TRANS-RXN-108A
29991,29994,ECOCYC:TRANS-RXN0-236
30091,30094,ECOCYC:DALADEHYDROG-RXN
30167,30170,ECOCYC:SEDOBISALDOL-RXN
30347,30350,ECOCYC:RXN-14120
31075,31078,ECOCYC:RXN-20675
31191,31194,ECOCYC:RXN-13616
31199,31202,ECOCYC:RXN-20678
31227,31230,ECOCYC:NACGLCTRANS-RXN
31295,31298,ECOCYC:RXN-7282
31843,31846,ECOCYC:RXN0-6510
32143,32146,ECOCYC:RXN66-448
32287,32290,ECOCYC:RXN-13163
34171,34174,ECOCYC:DIHYDRODIPICSYN-RXN
34763,34766,ECOCYC:TRANS-RXN0-499
34851,34854,ECOCYC:RXN0-2044
64392,64395,ECOCYC:TRANS-RXN0-288
35147,35150,ECOCYC:TRANS-RXN0-453
35243,35246,ECOCYC:RXN0-5291
35583,35586,ECOCYC:DHDOGALDOL-RXN
35599,35602,ECOCYC:RXN0-6487
35619,35622,ECOCYC:RXN0-5285
36375,36378,ECOCYC:RXN-14552
36407,36410,ECOCYC:RXN-14569
37883,37886,ECOCYC:RXN0-7075
41732,41735,ECOCYC:RXN0-5184
41788,41791,ECOCYC:ACP-S-ACETYLTRANSFER-RXN
41792,41795,ECOCYC:MALONYL-COA-ACP-TRANSACYL-RXN
42292,42295,ECOCYC:RXN-9590
42976,42979,ECOCYC:RXN-15578
43540,43543,ECOCYC:PHOSICITDEHASE-RXN
43888,43891,ECOCYC:RXN-12587
44140,44143,ECOCYC:PYFLAVOXRE-RXN
44144,44147,ECOCYC:RXN0-6948
44148,44151,ECOCYC:RXN0-5192
45328,45331,ECOCYC:RXN-10856
47452,47455,ECOCYC:RXN0-5393
47464,47467,ECOCYC:RXN0-5391
47716,47719,ECOCYC:RXN-15607
48128,48131,ECOCYC:RXN-11776
49612,49615,ECOCYC:KETOGLUTREDUCT-RXN
57720,57723,ECOCYC:ATPSYN-RXN
58672,58675,ECOCYC:RXN-14693
61728,61731,ECOCYC:RXN-20681
64720,64723,ECOCYC:TRANS-RXN-335
66172,66175,ECOCYC:TRANS-RXN-285
66428,66431,ECOCYC:RXN0-7221
66432,66435,ECOCYC:RXN0-7222
67740,67743,ECOCYC:RXN0-7389
68748,68751,ECOCYC:RXN-16997
68752,68755,ECOCYC:RXN-16998
68940,68943,ECOCYC:TRANS-RXN0-576
70431,70434,ECOCYC:TRANS-RXN-292
70647,70650,ECOCYC:RXN0-5130
70679,70682,ECOCYC:TRANS-RXN-29A
70703,70706,ECOCYC:RXN0-5203
70715,70718,ECOCYC:TRANS-RXN0-537
70915,70918,ECOCYC:TRANS-RXN-474
70927,70930,ECOCYC:TRANS-RXN0-523
71535,71538,ECOCYC:TRANS-RXN-33
71791,71794,ECOCYC:TRANS-RXN0-515
71803,71806,ECOCYC:TRANS-RXN0-571
72455,72458,ECOCYC:TRANS-RXN-299
72459,72462,ECOCYC:TRANS-RXN-379
72591,72594,ECOCYC:TRANS-RXN-35
73267,73270,ECOCYC:RXN0-7050
73283,73286,ECOCYC:TRANS-RXN-281
73291,73294,ECOCYC:TRANS-RXN-282
76159,76162,ECOCYC:TRANS-RXN0-498
76647,76650,ECOCYC:RXN-2425
78519,78522,ECOCYC:RXN0-7367
